clustered-coresets/Sensitivity-bio_train-10-145-1-clustered-0.csv,15778457181965.720703
clustered-coresets/Sensitivity-bio_train-10-145-1-clustered-1.csv,18367252003511.183594
clustered-coresets/Sensitivity-bio_train-10-145-1-clustered-2.csv,29174301915897.746094
clustered-coresets/Sensitivity-bio_train-10-145-1-clustered-3.csv,15949738677320.833984
clustered-coresets/Sensitivity-bio_train-10-145-1-clustered-4.csv,18756685607203.652344
clustered-coresets/Sensitivity-bio_train-10-145-2-clustered-0.csv,15246707243887.425781
clustered-coresets/Sensitivity-bio_train-10-145-2-clustered-1.csv,15189418258060.757812
clustered-coresets/Sensitivity-bio_train-10-145-2-clustered-2.csv,15212766616751.076172
clustered-coresets/Sensitivity-bio_train-10-145-2-clustered-3.csv,15360515344866.455078
clustered-coresets/Sensitivity-bio_train-10-145-2-clustered-4.csv,15212766616751.076172
clustered-coresets/Sensitivity-bio_train-10-145-3-clustered-0.csv,12509415579623.765625
clustered-coresets/Sensitivity-bio_train-10-145-3-clustered-1.csv,16412081613479.207031
clustered-coresets/Sensitivity-bio_train-10-145-3-clustered-2.csv,12633864808009.511719
clustered-coresets/Sensitivity-bio_train-10-145-3-clustered-3.csv,10875271896094.679688
clustered-coresets/Sensitivity-bio_train-10-145-3-clustered-4.csv,12260732367300.304688
clustered-coresets/Sensitivity-bio_train-10-145-4-clustered-0.csv,17920571332841.906250
clustered-coresets/Sensitivity-bio_train-10-145-4-clustered-1.csv,20569687848517.769531
clustered-coresets/Sensitivity-bio_train-10-145-4-clustered-2.csv,20178293893636.835938
clustered-coresets/Sensitivity-bio_train-10-145-4-clustered-3.csv,21070202096996.089844
clustered-coresets/Sensitivity-bio_train-10-145-4-clustered-4.csv,20569687848517.769531
clustered-coresets/Sensitivity-bio_train-10-145-5-clustered-0.csv,20121744594627.710938
clustered-coresets/Sensitivity-bio_train-10-145-5-clustered-1.csv,17710503105849.769531
clustered-coresets/Sensitivity-bio_train-10-145-5-clustered-2.csv,16400269516752.238281
clustered-coresets/Sensitivity-bio_train-10-145-5-clustered-3.csv,24038466705808.535156
clustered-coresets/Sensitivity-bio_train-10-145-5-clustered-4.csv,13919286144120.968750
clustered-coresets/Sensitivity-bio_train-10-1457-1-clustered-0.csv,14365590962495.392578
clustered-coresets/Sensitivity-bio_train-10-1457-1-clustered-1.csv,14349556230471.564453
clustered-coresets/Sensitivity-bio_train-10-1457-1-clustered-2.csv,15985571745559.326172
clustered-coresets/Sensitivity-bio_train-10-1457-1-clustered-3.csv,16185341486262.578125
clustered-coresets/Sensitivity-bio_train-10-1457-1-clustered-4.csv,12145994561071.988281
clustered-coresets/Sensitivity-bio_train-10-1457-2-clustered-0.csv,12202599447027.894531
clustered-coresets/Sensitivity-bio_train-10-1457-2-clustered-1.csv,14643711501579.958984
clustered-coresets/Sensitivity-bio_train-10-1457-2-clustered-2.csv,14469266322673.726562
clustered-coresets/Sensitivity-bio_train-10-1457-2-clustered-3.csv,17256418276459.185547
clustered-coresets/Sensitivity-bio_train-10-1457-2-clustered-4.csv,12544739950797.794922
clustered-coresets/Sensitivity-bio_train-10-1457-3-clustered-0.csv,16057243312916.802734
clustered-coresets/Sensitivity-bio_train-10-1457-3-clustered-1.csv,14458762244957.265625
clustered-coresets/Sensitivity-bio_train-10-1457-3-clustered-2.csv,16145449947209.255859
clustered-coresets/Sensitivity-bio_train-10-1457-3-clustered-3.csv,16271732023115.828125
clustered-coresets/Sensitivity-bio_train-10-1457-3-clustered-4.csv,12248048567297.292969
clustered-coresets/Sensitivity-bio_train-10-1457-4-clustered-0.csv,12224764418762.958984
clustered-coresets/Sensitivity-bio_train-10-1457-4-clustered-1.csv,15968144841456.175781
clustered-coresets/Sensitivity-bio_train-10-1457-4-clustered-2.csv,15968144841456.183594
clustered-coresets/Sensitivity-bio_train-10-1457-4-clustered-3.csv,12482382364944.556641
clustered-coresets/Sensitivity-bio_train-10-1457-4-clustered-4.csv,13872573315487.710938
clustered-coresets/Sensitivity-bio_train-10-1457-5-clustered-0.csv,16483181873137.736328
clustered-coresets/Sensitivity-bio_train-10-1457-5-clustered-1.csv,14560187276741.603516
clustered-coresets/Sensitivity-bio_train-10-1457-5-clustered-2.csv,14805725856286.007812
clustered-coresets/Sensitivity-bio_train-10-1457-5-clustered-3.csv,22570441625972.242188
clustered-coresets/Sensitivity-bio_train-10-1457-5-clustered-4.csv,18691307989360.121094
clustered-coresets/Sensitivity-bio_train-10-14575-1-clustered-0.csv,14336131221793.064453
clustered-coresets/Sensitivity-bio_train-10-14575-1-clustered-1.csv,14337276937658.185547
clustered-coresets/Sensitivity-bio_train-10-14575-1-clustered-2.csv,14337276937658.177734
clustered-coresets/Sensitivity-bio_train-10-14575-1-clustered-3.csv,14254071767428.621094
clustered-coresets/Sensitivity-bio_train-10-14575-1-clustered-4.csv,14208195124033.994141
clustered-coresets/Sensitivity-bio_train-10-14575-2-clustered-0.csv,14254594746964.416016
clustered-coresets/Sensitivity-bio_train-10-14575-2-clustered-1.csv,12114754043194.392578
clustered-coresets/Sensitivity-bio_train-10-14575-2-clustered-2.csv,18273190873167.972656
clustered-coresets/Sensitivity-bio_train-10-14575-2-clustered-3.csv,14400637208675.880859
clustered-coresets/Sensitivity-bio_train-10-14575-2-clustered-4.csv,14353097446243.355469
clustered-coresets/Sensitivity-bio_train-10-14575-3-clustered-0.csv,14539271401900.259766
clustered-coresets/Sensitivity-bio_train-10-14575-3-clustered-1.csv,14331574336455.572266
clustered-coresets/Sensitivity-bio_train-10-14575-3-clustered-2.csv,15899629136007.166016
clustered-coresets/Sensitivity-bio_train-10-14575-3-clustered-3.csv,14472487808245.437500
clustered-coresets/Sensitivity-bio_train-10-14575-3-clustered-4.csv,14331304622020.851562
clustered-coresets/Sensitivity-bio_train-10-14575-4-clustered-0.csv,14255840551917.511719
clustered-coresets/Sensitivity-bio_train-10-14575-4-clustered-1.csv,15906022562675.888672
clustered-coresets/Sensitivity-bio_train-10-14575-4-clustered-2.csv,15966530998574.232422
clustered-coresets/Sensitivity-bio_train-10-14575-4-clustered-3.csv,12259256749728.371094
clustered-coresets/Sensitivity-bio_train-10-14575-4-clustered-4.csv,14254823175449.539062
clustered-coresets/Sensitivity-bio_train-10-14575-5-clustered-0.csv,15903500858284.416016
clustered-coresets/Sensitivity-bio_train-10-14575-5-clustered-1.csv,14262816614889.425781
clustered-coresets/Sensitivity-bio_train-10-14575-5-clustered-2.csv,15903500858284.404297
clustered-coresets/Sensitivity-bio_train-10-14575-5-clustered-3.csv,16038512795563.173828
clustered-coresets/Sensitivity-bio_train-10-14575-5-clustered-4.csv,18154316803941.250000
clustered-coresets/Sensitivity-bio_train-10-364-1-clustered-0.csv,12794238778223.998047
clustered-coresets/Sensitivity-bio_train-10-364-1-clustered-1.csv,12609272841823.234375
clustered-coresets/Sensitivity-bio_train-10-364-1-clustered-2.csv,12616215512183.085938
clustered-coresets/Sensitivity-bio_train-10-364-1-clustered-3.csv,14322090868722.123047
clustered-coresets/Sensitivity-bio_train-10-364-1-clustered-4.csv,13127353847535.181641
clustered-coresets/Sensitivity-bio_train-10-364-2-clustered-0.csv,18967900804659.980469
clustered-coresets/Sensitivity-bio_train-10-364-2-clustered-1.csv,18207661611185.386719
clustered-coresets/Sensitivity-bio_train-10-364-2-clustered-2.csv,18254966797546.523438
clustered-coresets/Sensitivity-bio_train-10-364-2-clustered-3.csv,15052656492738.820312
clustered-coresets/Sensitivity-bio_train-10-364-2-clustered-4.csv,17213254176524.623047
clustered-coresets/Sensitivity-bio_train-10-364-3-clustered-0.csv,14996901408162.988281
clustered-coresets/Sensitivity-bio_train-10-364-3-clustered-1.csv,12870675945182.726562
clustered-coresets/Sensitivity-bio_train-10-364-3-clustered-2.csv,20316993343161.875000
clustered-coresets/Sensitivity-bio_train-10-364-3-clustered-3.csv,12831689871534.117188
clustered-coresets/Sensitivity-bio_train-10-364-3-clustered-4.csv,17283154482618.074219
clustered-coresets/Sensitivity-bio_train-10-364-4-clustered-0.csv,12392468475287.568359
clustered-coresets/Sensitivity-bio_train-10-364-4-clustered-1.csv,14764670258800.050781
clustered-coresets/Sensitivity-bio_train-10-364-4-clustered-2.csv,17060619515003.523438
clustered-coresets/Sensitivity-bio_train-10-364-4-clustered-3.csv,12483481762185.644531
clustered-coresets/Sensitivity-bio_train-10-364-4-clustered-4.csv,16660624863415.923828
clustered-coresets/Sensitivity-bio_train-10-364-5-clustered-0.csv,16450954687912.843750
clustered-coresets/Sensitivity-bio_train-10-364-5-clustered-1.csv,18954916213930.394531
clustered-coresets/Sensitivity-bio_train-10-364-5-clustered-2.csv,14765790136339.009766
clustered-coresets/Sensitivity-bio_train-10-364-5-clustered-3.csv,17220595671958.841797
clustered-coresets/Sensitivity-bio_train-10-364-5-clustered-4.csv,17289119418369.011719
clustered-coresets/Sensitivity-bio_train-10-3643-1-clustered-0.csv,17183924643682.271484
clustered-coresets/Sensitivity-bio_train-10-3643-1-clustered-1.csv,17769641250064.636719
clustered-coresets/Sensitivity-bio_train-10-3643-1-clustered-2.csv,16514029388260.837891
clustered-coresets/Sensitivity-bio_train-10-3643-1-clustered-3.csv,15923676768210.392578
clustered-coresets/Sensitivity-bio_train-10-3643-1-clustered-4.csv,16514042798644.357422
clustered-coresets/Sensitivity-bio_train-10-3643-2-clustered-0.csv,16867448512945.671875
clustered-coresets/Sensitivity-bio_train-10-3643-2-clustered-1.csv,13025724245454.785156
clustered-coresets/Sensitivity-bio_train-10-3643-2-clustered-2.csv,14325241058024.005859
clustered-coresets/Sensitivity-bio_train-10-3643-2-clustered-3.csv,14325241058024.007812
clustered-coresets/Sensitivity-bio_train-10-3643-2-clustered-4.csv,12195300932661.246094
clustered-coresets/Sensitivity-bio_train-10-3643-3-clustered-0.csv,14303690748214.324219
clustered-coresets/Sensitivity-bio_train-10-3643-3-clustered-1.csv,14311447542820.238281
clustered-coresets/Sensitivity-bio_train-10-3643-3-clustered-2.csv,15965827313906.798828
clustered-coresets/Sensitivity-bio_train-10-3643-3-clustered-3.csv,14298668223551.335938
clustered-coresets/Sensitivity-bio_train-10-3643-3-clustered-4.csv,14307965876275.335938
clustered-coresets/Sensitivity-bio_train-10-3643-4-clustered-0.csv,14242756976363.269531
clustered-coresets/Sensitivity-bio_train-10-3643-4-clustered-1.csv,16060177758422.664062
clustered-coresets/Sensitivity-bio_train-10-3643-4-clustered-2.csv,12199514752581.197266
clustered-coresets/Sensitivity-bio_train-10-3643-4-clustered-3.csv,16053449554169.763672
clustered-coresets/Sensitivity-bio_train-10-3643-4-clustered-4.csv,14279134100472.369141
clustered-coresets/Sensitivity-bio_train-10-3643-5-clustered-0.csv,14320297767651.441406
clustered-coresets/Sensitivity-bio_train-10-3643-5-clustered-1.csv,18178048622242.730469
clustered-coresets/Sensitivity-bio_train-10-3643-5-clustered-2.csv,15960748229970.777344
clustered-coresets/Sensitivity-bio_train-10-3643-5-clustered-3.csv,19177755346930.570312
clustered-coresets/Sensitivity-bio_train-10-3643-5-clustered-4.csv,18177183533599.269531
clustered-coresets/Sensitivity-bio_train-10-728-1-clustered-0.csv,16118061049567.570312
clustered-coresets/Sensitivity-bio_train-10-728-1-clustered-1.csv,12183418065403.398438
clustered-coresets/Sensitivity-bio_train-10-728-1-clustered-2.csv,17829027691144.550781
clustered-coresets/Sensitivity-bio_train-10-728-1-clustered-3.csv,15956942922787.523438
clustered-coresets/Sensitivity-bio_train-10-728-1-clustered-4.csv,18687212994135.558594
clustered-coresets/Sensitivity-bio_train-10-728-2-clustered-0.csv,13705300557954.341797
clustered-coresets/Sensitivity-bio_train-10-728-2-clustered-1.csv,14221889833196.251953
clustered-coresets/Sensitivity-bio_train-10-728-2-clustered-2.csv,14705793978275.716797
clustered-coresets/Sensitivity-bio_train-10-728-2-clustered-3.csv,14418689745438.902344
clustered-coresets/Sensitivity-bio_train-10-728-2-clustered-4.csv,14453629555830.960938
clustered-coresets/Sensitivity-bio_train-10-728-3-clustered-0.csv,17303001073753.410156
clustered-coresets/Sensitivity-bio_train-10-728-3-clustered-1.csv,14300347365159.701172
clustered-coresets/Sensitivity-bio_train-10-728-3-clustered-2.csv,14300347365159.705078
clustered-coresets/Sensitivity-bio_train-10-728-3-clustered-3.csv,17303001073753.410156
clustered-coresets/Sensitivity-bio_train-10-728-3-clustered-4.csv,16123209821896.585938
clustered-coresets/Sensitivity-bio_train-10-728-4-clustered-0.csv,16043660795763.294922
clustered-coresets/Sensitivity-bio_train-10-728-4-clustered-1.csv,16058567760732.253906
clustered-coresets/Sensitivity-bio_train-10-728-4-clustered-2.csv,16147603295921.156250
clustered-coresets/Sensitivity-bio_train-10-728-4-clustered-3.csv,16077750918397.082031
clustered-coresets/Sensitivity-bio_train-10-728-4-clustered-4.csv,18299396460775.062500
clustered-coresets/Sensitivity-bio_train-10-728-5-clustered-0.csv,14148006673652.509766
clustered-coresets/Sensitivity-bio_train-10-728-5-clustered-1.csv,16943341822907.476562
clustered-coresets/Sensitivity-bio_train-10-728-5-clustered-2.csv,15344108515179.900391
clustered-coresets/Sensitivity-bio_train-10-728-5-clustered-3.csv,17606259145643.636719
clustered-coresets/Sensitivity-bio_train-10-728-5-clustered-4.csv,12195863583628.148438
clustered-coresets/Sensitivity-bio_train-10-7287-1-clustered-0.csv,12227562143516.974609
clustered-coresets/Sensitivity-bio_train-10-7287-1-clustered-1.csv,14287662312538.402344
clustered-coresets/Sensitivity-bio_train-10-7287-1-clustered-2.csv,12129496778148.154297
clustered-coresets/Sensitivity-bio_train-10-7287-1-clustered-3.csv,12874366499455.873047
clustered-coresets/Sensitivity-bio_train-10-7287-1-clustered-4.csv,14239584367985.822266
clustered-coresets/Sensitivity-bio_train-10-7287-2-clustered-0.csv,12130873768377.886719
clustered-coresets/Sensitivity-bio_train-10-7287-2-clustered-1.csv,12182310851934.449219
clustered-coresets/Sensitivity-bio_train-10-7287-2-clustered-2.csv,12148245565294.328125
clustered-coresets/Sensitivity-bio_train-10-7287-2-clustered-3.csv,18196968738091.292969
clustered-coresets/Sensitivity-bio_train-10-7287-2-clustered-4.csv,12141806290047.296875
clustered-coresets/Sensitivity-bio_train-10-7287-3-clustered-0.csv,14268013749705.871094
clustered-coresets/Sensitivity-bio_train-10-7287-3-clustered-1.csv,14213045316764.515625
clustered-coresets/Sensitivity-bio_train-10-7287-3-clustered-2.csv,16811348623094.835938
clustered-coresets/Sensitivity-bio_train-10-7287-3-clustered-3.csv,12121539961468.888672
clustered-coresets/Sensitivity-bio_train-10-7287-3-clustered-4.csv,16457266718371.601562
clustered-coresets/Sensitivity-bio_train-10-7287-4-clustered-0.csv,16412478581018.228516
clustered-coresets/Sensitivity-bio_train-10-7287-4-clustered-1.csv,12690513388921.779297
clustered-coresets/Sensitivity-bio_train-10-7287-4-clustered-2.csv,12187122413745.175781
clustered-coresets/Sensitivity-bio_train-10-7287-4-clustered-3.csv,15912802693991.716797
clustered-coresets/Sensitivity-bio_train-10-7287-4-clustered-4.csv,15704957523100.390625
clustered-coresets/Sensitivity-bio_train-10-7287-5-clustered-0.csv,18156292846885.691406
clustered-coresets/Sensitivity-bio_train-10-7287-5-clustered-1.csv,12933047122546.591797
clustered-coresets/Sensitivity-bio_train-10-7287-5-clustered-2.csv,14221070254800.544922
clustered-coresets/Sensitivity-bio_train-10-7287-5-clustered-3.csv,14264955470604.001953
clustered-coresets/Sensitivity-bio_train-10-7287-5-clustered-4.csv,16040053351610.546875
clustered-coresets/Sensitivity-bio_train-100-145-1-clustered-0.csv,1693280443881.380615
clustered-coresets/Sensitivity-bio_train-100-145-1-clustered-1.csv,1693348966046.043701
clustered-coresets/Sensitivity-bio_train-100-145-1-clustered-2.csv,1687836411004.884521
clustered-coresets/Sensitivity-bio_train-100-145-1-clustered-3.csv,1686359891721.842529
clustered-coresets/Sensitivity-bio_train-100-145-1-clustered-4.csv,1689425076232.401611
clustered-coresets/Sensitivity-bio_train-100-145-2-clustered-0.csv,1684804391394.159912
clustered-coresets/Sensitivity-bio_train-100-145-2-clustered-1.csv,1693411492256.043945
clustered-coresets/Sensitivity-bio_train-100-145-2-clustered-2.csv,1661967606643.967285
clustered-coresets/Sensitivity-bio_train-100-145-2-clustered-3.csv,1677062461418.288574
clustered-coresets/Sensitivity-bio_train-100-145-2-clustered-4.csv,1660332089102.136475
clustered-coresets/Sensitivity-bio_train-100-145-3-clustered-0.csv,2092672406999.260254
clustered-coresets/Sensitivity-bio_train-100-145-3-clustered-1.csv,2096645577406.742676
clustered-coresets/Sensitivity-bio_train-100-145-3-clustered-2.csv,2097392823464.561523
clustered-coresets/Sensitivity-bio_train-100-145-3-clustered-3.csv,2092538885267.757812
clustered-coresets/Sensitivity-bio_train-100-145-3-clustered-4.csv,2113496050671.611816
clustered-coresets/Sensitivity-bio_train-100-145-4-clustered-0.csv,1882374439164.564697
clustered-coresets/Sensitivity-bio_train-100-145-4-clustered-1.csv,1867902054233.077637
clustered-coresets/Sensitivity-bio_train-100-145-4-clustered-2.csv,1867735118481.492676
clustered-coresets/Sensitivity-bio_train-100-145-4-clustered-3.csv,1861916770234.824463
clustered-coresets/Sensitivity-bio_train-100-145-4-clustered-4.csv,1874426687908.492676
clustered-coresets/Sensitivity-bio_train-100-145-5-clustered-0.csv,1509992301452.681641
clustered-coresets/Sensitivity-bio_train-100-145-5-clustered-1.csv,1510666333231.446533
clustered-coresets/Sensitivity-bio_train-100-145-5-clustered-2.csv,1520473169705.763184
clustered-coresets/Sensitivity-bio_train-100-145-5-clustered-3.csv,1516522183334.456787
clustered-coresets/Sensitivity-bio_train-100-145-5-clustered-4.csv,1534173779676.781738
clustered-coresets/Sensitivity-bio_train-100-1457-1-clustered-0.csv,1192210306712.857666
clustered-coresets/Sensitivity-bio_train-100-1457-1-clustered-1.csv,1209790250194.127197
clustered-coresets/Sensitivity-bio_train-100-1457-1-clustered-2.csv,1245436443883.282715
clustered-coresets/Sensitivity-bio_train-100-1457-1-clustered-3.csv,1183864586239.215576
clustered-coresets/Sensitivity-bio_train-100-1457-1-clustered-4.csv,1277195560608.999268
clustered-coresets/Sensitivity-bio_train-100-1457-2-clustered-0.csv,1303545734630.924316
clustered-coresets/Sensitivity-bio_train-100-1457-2-clustered-1.csv,1240134529621.793945
clustered-coresets/Sensitivity-bio_train-100-1457-2-clustered-2.csv,1244993281330.909180
clustered-coresets/Sensitivity-bio_train-100-1457-2-clustered-3.csv,1321178095909.302979
clustered-coresets/Sensitivity-bio_train-100-1457-2-clustered-4.csv,1298747213176.673828
clustered-coresets/Sensitivity-bio_train-100-1457-3-clustered-0.csv,1229613772791.425537
clustered-coresets/Sensitivity-bio_train-100-1457-3-clustered-1.csv,1224000085825.785889
clustered-coresets/Sensitivity-bio_train-100-1457-3-clustered-2.csv,1201838370035.741455
clustered-coresets/Sensitivity-bio_train-100-1457-3-clustered-3.csv,1246020430992.613281
clustered-coresets/Sensitivity-bio_train-100-1457-3-clustered-4.csv,1156159917641.741455
clustered-coresets/Sensitivity-bio_train-100-1457-4-clustered-0.csv,1231440921737.160156
clustered-coresets/Sensitivity-bio_train-100-1457-4-clustered-1.csv,1164031472269.923096
clustered-coresets/Sensitivity-bio_train-100-1457-4-clustered-2.csv,1202102743748.239258
clustered-coresets/Sensitivity-bio_train-100-1457-4-clustered-3.csv,1202219730504.871826
clustered-coresets/Sensitivity-bio_train-100-1457-4-clustered-4.csv,1171626992382.138672
clustered-coresets/Sensitivity-bio_train-100-1457-5-clustered-0.csv,1209997948783.319336
clustered-coresets/Sensitivity-bio_train-100-1457-5-clustered-1.csv,1285109804149.208984
clustered-coresets/Sensitivity-bio_train-100-1457-5-clustered-2.csv,1256629075944.006348
clustered-coresets/Sensitivity-bio_train-100-1457-5-clustered-3.csv,1270479960915.537842
clustered-coresets/Sensitivity-bio_train-100-1457-5-clustered-4.csv,1230798559948.715576
clustered-coresets/Sensitivity-bio_train-100-14575-1-clustered-0.csv,1114883739802.188232
clustered-coresets/Sensitivity-bio_train-100-14575-1-clustered-1.csv,1098413346330.119629
clustered-coresets/Sensitivity-bio_train-100-14575-1-clustered-2.csv,1085972383058.568970
clustered-coresets/Sensitivity-bio_train-100-14575-1-clustered-3.csv,1155550958820.496582
clustered-coresets/Sensitivity-bio_train-100-14575-1-clustered-4.csv,1119286094252.225830
clustered-coresets/Sensitivity-bio_train-100-14575-2-clustered-0.csv,1171665592589.601318
clustered-coresets/Sensitivity-bio_train-100-14575-2-clustered-1.csv,1143294862103.297607
clustered-coresets/Sensitivity-bio_train-100-14575-2-clustered-2.csv,1156543529860.169678
clustered-coresets/Sensitivity-bio_train-100-14575-2-clustered-3.csv,1116739840325.341553
clustered-coresets/Sensitivity-bio_train-100-14575-2-clustered-4.csv,1159440141111.092285
clustered-coresets/Sensitivity-bio_train-100-14575-3-clustered-0.csv,1085530267746.253784
clustered-coresets/Sensitivity-bio_train-100-14575-3-clustered-1.csv,1089704063319.824585
clustered-coresets/Sensitivity-bio_train-100-14575-3-clustered-2.csv,1119832280882.022705
clustered-coresets/Sensitivity-bio_train-100-14575-3-clustered-3.csv,1094345013271.920410
clustered-coresets/Sensitivity-bio_train-100-14575-3-clustered-4.csv,1037587490634.516968
clustered-coresets/Sensitivity-bio_train-100-14575-4-clustered-0.csv,1137943043555.374756
clustered-coresets/Sensitivity-bio_train-100-14575-4-clustered-1.csv,1125478210042.114746
clustered-coresets/Sensitivity-bio_train-100-14575-4-clustered-2.csv,1180528638299.461182
clustered-coresets/Sensitivity-bio_train-100-14575-4-clustered-3.csv,1142821068302.604492
clustered-coresets/Sensitivity-bio_train-100-14575-4-clustered-4.csv,1197878374273.668945
clustered-coresets/Sensitivity-bio_train-100-14575-5-clustered-0.csv,1145537544773.537354
clustered-coresets/Sensitivity-bio_train-100-14575-5-clustered-1.csv,1153115484734.515381
clustered-coresets/Sensitivity-bio_train-100-14575-5-clustered-2.csv,1127752269035.792969
clustered-coresets/Sensitivity-bio_train-100-14575-5-clustered-3.csv,1149584505357.504150
clustered-coresets/Sensitivity-bio_train-100-14575-5-clustered-4.csv,1116813050329.651611
clustered-coresets/Sensitivity-bio_train-100-364-1-clustered-0.csv,1322605219787.927246
clustered-coresets/Sensitivity-bio_train-100-364-1-clustered-1.csv,1382738397215.675049
clustered-coresets/Sensitivity-bio_train-100-364-1-clustered-2.csv,1297088329043.300537
clustered-coresets/Sensitivity-bio_train-100-364-1-clustered-3.csv,1344478808583.430420
clustered-coresets/Sensitivity-bio_train-100-364-1-clustered-4.csv,1371039302814.294922
clustered-coresets/Sensitivity-bio_train-100-364-2-clustered-0.csv,1282308778977.292725
clustered-coresets/Sensitivity-bio_train-100-364-2-clustered-1.csv,1293953605404.946045
clustered-coresets/Sensitivity-bio_train-100-364-2-clustered-2.csv,1283918456268.750000
clustered-coresets/Sensitivity-bio_train-100-364-2-clustered-3.csv,1265945139593.649414
clustered-coresets/Sensitivity-bio_train-100-364-2-clustered-4.csv,1256830767063.534180
clustered-coresets/Sensitivity-bio_train-100-364-3-clustered-0.csv,1407321611169.738281
clustered-coresets/Sensitivity-bio_train-100-364-3-clustered-1.csv,1409044148832.987061
clustered-coresets/Sensitivity-bio_train-100-364-3-clustered-2.csv,1392306505923.464844
clustered-coresets/Sensitivity-bio_train-100-364-3-clustered-3.csv,1399072356303.683350
clustered-coresets/Sensitivity-bio_train-100-364-3-clustered-4.csv,1408498694410.176514
clustered-coresets/Sensitivity-bio_train-100-364-4-clustered-0.csv,1280529029437.927979
clustered-coresets/Sensitivity-bio_train-100-364-4-clustered-1.csv,1297816623485.350830
clustered-coresets/Sensitivity-bio_train-100-364-4-clustered-2.csv,1316918539109.560303
clustered-coresets/Sensitivity-bio_train-100-364-4-clustered-3.csv,1291502028269.202637
clustered-coresets/Sensitivity-bio_train-100-364-4-clustered-4.csv,1329304200025.840576
clustered-coresets/Sensitivity-bio_train-100-364-5-clustered-0.csv,1495221098598.066406
clustered-coresets/Sensitivity-bio_train-100-364-5-clustered-1.csv,1570750812045.500977
clustered-coresets/Sensitivity-bio_train-100-364-5-clustered-2.csv,1547741290897.558838
clustered-coresets/Sensitivity-bio_train-100-364-5-clustered-3.csv,1497055091118.745117
clustered-coresets/Sensitivity-bio_train-100-364-5-clustered-4.csv,1510732877953.179199
clustered-coresets/Sensitivity-bio_train-100-3643-1-clustered-0.csv,1220552848694.427002
clustered-coresets/Sensitivity-bio_train-100-3643-1-clustered-1.csv,1247302342453.223633
clustered-coresets/Sensitivity-bio_train-100-3643-1-clustered-2.csv,1252789768068.633301
clustered-coresets/Sensitivity-bio_train-100-3643-1-clustered-3.csv,1171944041684.187256
clustered-coresets/Sensitivity-bio_train-100-3643-1-clustered-4.csv,1206787917186.355713
clustered-coresets/Sensitivity-bio_train-100-3643-2-clustered-0.csv,1221132220473.163818
clustered-coresets/Sensitivity-bio_train-100-3643-2-clustered-1.csv,1126386338577.251221
clustered-coresets/Sensitivity-bio_train-100-3643-2-clustered-2.csv,1120900593148.584961
clustered-coresets/Sensitivity-bio_train-100-3643-2-clustered-3.csv,1166054651926.776611
clustered-coresets/Sensitivity-bio_train-100-3643-2-clustered-4.csv,1130649108143.322510
clustered-coresets/Sensitivity-bio_train-100-3643-3-clustered-0.csv,1134084493481.141846
clustered-coresets/Sensitivity-bio_train-100-3643-3-clustered-1.csv,1212574842043.489502
clustered-coresets/Sensitivity-bio_train-100-3643-3-clustered-2.csv,1160311300638.902588
clustered-coresets/Sensitivity-bio_train-100-3643-3-clustered-3.csv,1131143136082.872559
clustered-coresets/Sensitivity-bio_train-100-3643-3-clustered-4.csv,1208691753238.543213
clustered-coresets/Sensitivity-bio_train-100-3643-4-clustered-0.csv,1186065516530.530762
clustered-coresets/Sensitivity-bio_train-100-3643-4-clustered-1.csv,1194520515934.501465
clustered-coresets/Sensitivity-bio_train-100-3643-4-clustered-2.csv,1154871991062.670654
clustered-coresets/Sensitivity-bio_train-100-3643-4-clustered-3.csv,1083547262634.877563
clustered-coresets/Sensitivity-bio_train-100-3643-4-clustered-4.csv,1165796634052.949219
clustered-coresets/Sensitivity-bio_train-100-3643-5-clustered-0.csv,1142100879851.138916
clustered-coresets/Sensitivity-bio_train-100-3643-5-clustered-1.csv,1171414924502.165283
clustered-coresets/Sensitivity-bio_train-100-3643-5-clustered-2.csv,1187445699028.912354
clustered-coresets/Sensitivity-bio_train-100-3643-5-clustered-3.csv,1206429545482.764160
clustered-coresets/Sensitivity-bio_train-100-3643-5-clustered-4.csv,1234921424811.184570
clustered-coresets/Sensitivity-bio_train-100-728-1-clustered-0.csv,1254875445354.273926
clustered-coresets/Sensitivity-bio_train-100-728-1-clustered-1.csv,1275367729833.827393
clustered-coresets/Sensitivity-bio_train-100-728-1-clustered-2.csv,1224510899535.001221
clustered-coresets/Sensitivity-bio_train-100-728-1-clustered-3.csv,1280346024215.157715
clustered-coresets/Sensitivity-bio_train-100-728-1-clustered-4.csv,1272279281150.050781
clustered-coresets/Sensitivity-bio_train-100-728-2-clustered-0.csv,1342582709510.583496
clustered-coresets/Sensitivity-bio_train-100-728-2-clustered-1.csv,1351179487150.129883
clustered-coresets/Sensitivity-bio_train-100-728-2-clustered-2.csv,1382239623317.891602
clustered-coresets/Sensitivity-bio_train-100-728-2-clustered-3.csv,1404231914537.048340
clustered-coresets/Sensitivity-bio_train-100-728-2-clustered-4.csv,1366932741492.296875
clustered-coresets/Sensitivity-bio_train-100-728-3-clustered-0.csv,1285004074684.418701
clustered-coresets/Sensitivity-bio_train-100-728-3-clustered-1.csv,1270017973032.835693
clustered-coresets/Sensitivity-bio_train-100-728-3-clustered-2.csv,1221865545646.062256
clustered-coresets/Sensitivity-bio_train-100-728-3-clustered-3.csv,1269470797775.405518
clustered-coresets/Sensitivity-bio_train-100-728-3-clustered-4.csv,1285169574156.871094
clustered-coresets/Sensitivity-bio_train-100-728-4-clustered-0.csv,1223375377861.064697
clustered-coresets/Sensitivity-bio_train-100-728-4-clustered-1.csv,1333163455306.969238
clustered-coresets/Sensitivity-bio_train-100-728-4-clustered-2.csv,1306201464415.173096
clustered-coresets/Sensitivity-bio_train-100-728-4-clustered-3.csv,1333925696696.692871
clustered-coresets/Sensitivity-bio_train-100-728-4-clustered-4.csv,1247330555319.561035
clustered-coresets/Sensitivity-bio_train-100-728-5-clustered-0.csv,1272074929764.898682
clustered-coresets/Sensitivity-bio_train-100-728-5-clustered-1.csv,1251060024547.576172
clustered-coresets/Sensitivity-bio_train-100-728-5-clustered-2.csv,1298841511691.944580
clustered-coresets/Sensitivity-bio_train-100-728-5-clustered-3.csv,1269596570244.145264
clustered-coresets/Sensitivity-bio_train-100-728-5-clustered-4.csv,1196899676255.853760
clustered-coresets/Sensitivity-bio_train-100-7287-1-clustered-0.csv,1142435059153.020020
clustered-coresets/Sensitivity-bio_train-100-7287-1-clustered-1.csv,1165453746319.171143
clustered-coresets/Sensitivity-bio_train-100-7287-1-clustered-2.csv,1169236809395.767334
clustered-coresets/Sensitivity-bio_train-100-7287-1-clustered-3.csv,1150507642890.097900
clustered-coresets/Sensitivity-bio_train-100-7287-1-clustered-4.csv,1179348222647.612061
clustered-coresets/Sensitivity-bio_train-100-7287-2-clustered-0.csv,1142516040963.236816
clustered-coresets/Sensitivity-bio_train-100-7287-2-clustered-1.csv,1115720331362.776123
clustered-coresets/Sensitivity-bio_train-100-7287-2-clustered-2.csv,1104108082592.758789
clustered-coresets/Sensitivity-bio_train-100-7287-2-clustered-3.csv,1063346497616.690308
clustered-coresets/Sensitivity-bio_train-100-7287-2-clustered-4.csv,1132819517670.071045
clustered-coresets/Sensitivity-bio_train-100-7287-3-clustered-0.csv,1140531485831.541016
clustered-coresets/Sensitivity-bio_train-100-7287-3-clustered-1.csv,1094651027661.426636
clustered-coresets/Sensitivity-bio_train-100-7287-3-clustered-2.csv,1137917190566.501953
clustered-coresets/Sensitivity-bio_train-100-7287-3-clustered-3.csv,1122270337772.566162
clustered-coresets/Sensitivity-bio_train-100-7287-3-clustered-4.csv,1105062731139.831787
clustered-coresets/Sensitivity-bio_train-100-7287-4-clustered-0.csv,1128261280987.390869
clustered-coresets/Sensitivity-bio_train-100-7287-4-clustered-1.csv,1155120394508.130615
clustered-coresets/Sensitivity-bio_train-100-7287-4-clustered-2.csv,1117117419311.705322
clustered-coresets/Sensitivity-bio_train-100-7287-4-clustered-3.csv,1118836962788.042480
clustered-coresets/Sensitivity-bio_train-100-7287-4-clustered-4.csv,1159100422213.185547
clustered-coresets/Sensitivity-bio_train-100-7287-5-clustered-0.csv,1191714900180.733154
clustered-coresets/Sensitivity-bio_train-100-7287-5-clustered-1.csv,1165127536975.666748
clustered-coresets/Sensitivity-bio_train-100-7287-5-clustered-2.csv,1188680346873.023926
clustered-coresets/Sensitivity-bio_train-100-7287-5-clustered-3.csv,1106828133895.458984
clustered-coresets/Sensitivity-bio_train-100-7287-5-clustered-4.csv,1166959621095.717529
clustered-coresets/Sensitivity-bio_train-1000-1457-1-clustered-0.csv,421814588847.635864
clustered-coresets/Sensitivity-bio_train-1000-1457-1-clustered-1.csv,420856537414.958679
clustered-coresets/Sensitivity-bio_train-1000-1457-1-clustered-2.csv,422037363860.184509
clustered-coresets/Sensitivity-bio_train-1000-1457-1-clustered-3.csv,420816418607.464417
clustered-coresets/Sensitivity-bio_train-1000-1457-1-clustered-4.csv,420999796018.456665
clustered-coresets/Sensitivity-bio_train-1000-1457-2-clustered-0.csv,436752466791.880127
clustered-coresets/Sensitivity-bio_train-1000-1457-2-clustered-1.csv,436269892619.912415
clustered-coresets/Sensitivity-bio_train-1000-1457-2-clustered-2.csv,436803747726.558655
clustered-coresets/Sensitivity-bio_train-1000-1457-2-clustered-3.csv,435619064625.971008
clustered-coresets/Sensitivity-bio_train-1000-1457-2-clustered-4.csv,435883632070.217957
clustered-coresets/Sensitivity-bio_train-1000-1457-3-clustered-0.csv,427051290256.893188
clustered-coresets/Sensitivity-bio_train-1000-1457-3-clustered-1.csv,425879136296.747681
clustered-coresets/Sensitivity-bio_train-1000-1457-3-clustered-2.csv,425486167410.139099
clustered-coresets/Sensitivity-bio_train-1000-1457-3-clustered-3.csv,425851813317.219971
clustered-coresets/Sensitivity-bio_train-1000-1457-3-clustered-4.csv,426998105691.962280
clustered-coresets/Sensitivity-bio_train-1000-1457-4-clustered-0.csv,429373830509.065796
clustered-coresets/Sensitivity-bio_train-1000-1457-4-clustered-1.csv,429278600371.907471
clustered-coresets/Sensitivity-bio_train-1000-1457-4-clustered-2.csv,432362493025.123169
clustered-coresets/Sensitivity-bio_train-1000-1457-4-clustered-3.csv,432187712837.671631
clustered-coresets/Sensitivity-bio_train-1000-1457-4-clustered-4.csv,429922441556.782471
clustered-coresets/Sensitivity-bio_train-1000-1457-5-clustered-0.csv,424108490926.537476
clustered-coresets/Sensitivity-bio_train-1000-1457-5-clustered-1.csv,425864191790.419373
clustered-coresets/Sensitivity-bio_train-1000-1457-5-clustered-2.csv,424852927607.881775
clustered-coresets/Sensitivity-bio_train-1000-1457-5-clustered-3.csv,425391469023.391724
clustered-coresets/Sensitivity-bio_train-1000-1457-5-clustered-4.csv,426117854882.517151
clustered-coresets/Sensitivity-bio_train-1000-14575-1-clustered-0.csv,281049943773.504761
clustered-coresets/Sensitivity-bio_train-1000-14575-1-clustered-1.csv,280287524547.365723
clustered-coresets/Sensitivity-bio_train-1000-14575-1-clustered-2.csv,278738378300.303650
clustered-coresets/Sensitivity-bio_train-1000-14575-1-clustered-3.csv,280553249869.501587
clustered-coresets/Sensitivity-bio_train-1000-14575-1-clustered-4.csv,280313098353.553833
clustered-coresets/Sensitivity-bio_train-1000-14575-2-clustered-0.csv,281092974094.170654
clustered-coresets/Sensitivity-bio_train-1000-14575-2-clustered-1.csv,279655217033.395935
clustered-coresets/Sensitivity-bio_train-1000-14575-2-clustered-2.csv,280701455162.394714
clustered-coresets/Sensitivity-bio_train-1000-14575-2-clustered-3.csv,282138572996.317322
clustered-coresets/Sensitivity-bio_train-1000-14575-2-clustered-4.csv,280329069029.773010
clustered-coresets/Sensitivity-bio_train-1000-14575-3-clustered-0.csv,282593311085.180176
clustered-coresets/Sensitivity-bio_train-1000-14575-3-clustered-1.csv,283461674354.096436
clustered-coresets/Sensitivity-bio_train-1000-14575-3-clustered-2.csv,281440246461.331116
clustered-coresets/Sensitivity-bio_train-1000-14575-3-clustered-3.csv,283759145750.556335
clustered-coresets/Sensitivity-bio_train-1000-14575-3-clustered-4.csv,280341971339.052124
clustered-coresets/Sensitivity-bio_train-1000-14575-4-clustered-0.csv,285044921193.668640
clustered-coresets/Sensitivity-bio_train-1000-14575-4-clustered-1.csv,283153470950.599182
clustered-coresets/Sensitivity-bio_train-1000-14575-4-clustered-2.csv,285079089307.801270
clustered-coresets/Sensitivity-bio_train-1000-14575-4-clustered-3.csv,281615508830.019470
clustered-coresets/Sensitivity-bio_train-1000-14575-4-clustered-4.csv,284288952172.280762
clustered-coresets/Sensitivity-bio_train-1000-14575-5-clustered-0.csv,282685859275.978088
clustered-coresets/Sensitivity-bio_train-1000-14575-5-clustered-1.csv,282545561336.747559
clustered-coresets/Sensitivity-bio_train-1000-14575-5-clustered-2.csv,282752309900.065247
clustered-coresets/Sensitivity-bio_train-1000-14575-5-clustered-3.csv,281809878240.735413
clustered-coresets/Sensitivity-bio_train-1000-14575-5-clustered-4.csv,283522510653.174438
clustered-coresets/Sensitivity-bio_train-1000-3643-1-clustered-0.csv,341775237897.924805
clustered-coresets/Sensitivity-bio_train-1000-3643-1-clustered-1.csv,342679347158.044922
clustered-coresets/Sensitivity-bio_train-1000-3643-1-clustered-2.csv,339391341309.992432
clustered-coresets/Sensitivity-bio_train-1000-3643-1-clustered-3.csv,339025776412.771667
clustered-coresets/Sensitivity-bio_train-1000-3643-1-clustered-4.csv,339142538799.884705
clustered-coresets/Sensitivity-bio_train-1000-3643-2-clustered-0.csv,337528391665.068726
clustered-coresets/Sensitivity-bio_train-1000-3643-2-clustered-1.csv,339248541878.352844
clustered-coresets/Sensitivity-bio_train-1000-3643-2-clustered-2.csv,338122421080.241028
clustered-coresets/Sensitivity-bio_train-1000-3643-2-clustered-3.csv,338551903120.053650
clustered-coresets/Sensitivity-bio_train-1000-3643-2-clustered-4.csv,337519628524.426636
clustered-coresets/Sensitivity-bio_train-1000-3643-3-clustered-0.csv,337096556956.998535
clustered-coresets/Sensitivity-bio_train-1000-3643-3-clustered-1.csv,338312226176.115540
clustered-coresets/Sensitivity-bio_train-1000-3643-3-clustered-2.csv,338949772308.547607
clustered-coresets/Sensitivity-bio_train-1000-3643-3-clustered-3.csv,338577565761.608032
clustered-coresets/Sensitivity-bio_train-1000-3643-3-clustered-4.csv,338208867229.923035
clustered-coresets/Sensitivity-bio_train-1000-3643-4-clustered-0.csv,335644259273.106262
clustered-coresets/Sensitivity-bio_train-1000-3643-4-clustered-1.csv,335572257609.782043
clustered-coresets/Sensitivity-bio_train-1000-3643-4-clustered-2.csv,336972391783.010559
clustered-coresets/Sensitivity-bio_train-1000-3643-4-clustered-3.csv,337997433143.560486
clustered-coresets/Sensitivity-bio_train-1000-3643-4-clustered-4.csv,337212943301.182373
clustered-coresets/Sensitivity-bio_train-1000-3643-5-clustered-0.csv,345297495186.704529
clustered-coresets/Sensitivity-bio_train-1000-3643-5-clustered-1.csv,343337275420.161682
clustered-coresets/Sensitivity-bio_train-1000-3643-5-clustered-2.csv,342525425121.073486
clustered-coresets/Sensitivity-bio_train-1000-3643-5-clustered-3.csv,342212559770.594299
clustered-coresets/Sensitivity-bio_train-1000-3643-5-clustered-4.csv,343874988099.595886
clustered-coresets/Sensitivity-bio_train-1000-7287-1-clustered-0.csv,304336265820.157410
clustered-coresets/Sensitivity-bio_train-1000-7287-1-clustered-1.csv,305180093788.348877
clustered-coresets/Sensitivity-bio_train-1000-7287-1-clustered-2.csv,303248342117.225342
clustered-coresets/Sensitivity-bio_train-1000-7287-1-clustered-3.csv,304237731121.088501
clustered-coresets/Sensitivity-bio_train-1000-7287-1-clustered-4.csv,301746747604.653564
clustered-coresets/Sensitivity-bio_train-1000-7287-2-clustered-0.csv,302507803537.837219
clustered-coresets/Sensitivity-bio_train-1000-7287-2-clustered-1.csv,302519462914.580566
clustered-coresets/Sensitivity-bio_train-1000-7287-2-clustered-2.csv,302747131251.773987
clustered-coresets/Sensitivity-bio_train-1000-7287-2-clustered-3.csv,302191226987.935364
clustered-coresets/Sensitivity-bio_train-1000-7287-2-clustered-4.csv,303816502729.146606
clustered-coresets/Sensitivity-bio_train-1000-7287-3-clustered-0.csv,300714490553.373291
clustered-coresets/Sensitivity-bio_train-1000-7287-3-clustered-1.csv,302308354286.888000
clustered-coresets/Sensitivity-bio_train-1000-7287-3-clustered-2.csv,304991162404.722900
clustered-coresets/Sensitivity-bio_train-1000-7287-3-clustered-3.csv,305548458267.910767
clustered-coresets/Sensitivity-bio_train-1000-7287-3-clustered-4.csv,301800186482.883606
clustered-coresets/Sensitivity-bio_train-1000-7287-4-clustered-0.csv,304875941433.854248
clustered-coresets/Sensitivity-bio_train-1000-7287-4-clustered-1.csv,307580965365.804932
clustered-coresets/Sensitivity-bio_train-1000-7287-4-clustered-2.csv,306047386697.771729
clustered-coresets/Sensitivity-bio_train-1000-7287-4-clustered-3.csv,306863145499.269653
clustered-coresets/Sensitivity-bio_train-1000-7287-4-clustered-4.csv,306690495483.138855
clustered-coresets/Sensitivity-bio_train-1000-7287-5-clustered-0.csv,303526258370.309998
clustered-coresets/Sensitivity-bio_train-1000-7287-5-clustered-1.csv,302686795570.217102
clustered-coresets/Sensitivity-bio_train-1000-7287-5-clustered-2.csv,302448508666.266541
clustered-coresets/Sensitivity-bio_train-1000-7287-5-clustered-3.csv,303438856845.922424
clustered-coresets/Sensitivity-bio_train-1000-7287-5-clustered-4.csv,302220729956.046509
clustered-coresets/Lightweight-bio_train-10-145-1-clustered-0.csv,10523038772856.244141
clustered-coresets/Lightweight-bio_train-10-145-1-clustered-1.csv,10630245421906.228516
clustered-coresets/Lightweight-bio_train-10-145-1-clustered-2.csv,10630245421906.228516
clustered-coresets/Lightweight-bio_train-10-145-1-clustered-3.csv,10478916476531.150391
clustered-coresets/Lightweight-bio_train-10-145-1-clustered-4.csv,11547128696659.076172
clustered-coresets/Lightweight-bio_train-10-145-2-clustered-0.csv,20893740883716.605469
clustered-coresets/Lightweight-bio_train-10-145-2-clustered-1.csv,20360132414469.234375
clustered-coresets/Lightweight-bio_train-10-145-2-clustered-2.csv,14067335561039.093750
clustered-coresets/Lightweight-bio_train-10-145-2-clustered-3.csv,17769869677553.996094
clustered-coresets/Lightweight-bio_train-10-145-2-clustered-4.csv,16985165398947.626953
clustered-coresets/Lightweight-bio_train-10-145-3-clustered-0.csv,11160186754547.148438
clustered-coresets/Lightweight-bio_train-10-145-3-clustered-1.csv,13396063042256.197266
clustered-coresets/Lightweight-bio_train-10-145-3-clustered-2.csv,14492840131158.693359
clustered-coresets/Lightweight-bio_train-10-145-3-clustered-3.csv,13499260429900.222656
clustered-coresets/Lightweight-bio_train-10-145-3-clustered-4.csv,10940195296170.724609
clustered-coresets/Lightweight-bio_train-10-145-4-clustered-0.csv,19532081100135.968750
clustered-coresets/Lightweight-bio_train-10-145-4-clustered-1.csv,19421907909563.515625
clustered-coresets/Lightweight-bio_train-10-145-4-clustered-2.csv,18878837155604.035156
clustered-coresets/Lightweight-bio_train-10-145-4-clustered-3.csv,20650245539959.808594
clustered-coresets/Lightweight-bio_train-10-145-4-clustered-4.csv,21389619965709.132812
clustered-coresets/Lightweight-bio_train-10-145-5-clustered-0.csv,13457171380611.742188
clustered-coresets/Lightweight-bio_train-10-145-5-clustered-1.csv,13727058232560.029297
clustered-coresets/Lightweight-bio_train-10-145-5-clustered-2.csv,14333247281817.048828
clustered-coresets/Lightweight-bio_train-10-145-5-clustered-3.csv,10432860225631.154297
clustered-coresets/Lightweight-bio_train-10-145-5-clustered-4.csv,12835863437050.271484
clustered-coresets/Lightweight-bio_train-10-1457-1-clustered-0.csv,10329114119876.558594
clustered-coresets/Lightweight-bio_train-10-1457-1-clustered-1.csv,10349774522114.181641
clustered-coresets/Lightweight-bio_train-10-1457-1-clustered-2.csv,10341322935033.617188
clustered-coresets/Lightweight-bio_train-10-1457-1-clustered-3.csv,10329114119876.560547
clustered-coresets/Lightweight-bio_train-10-1457-1-clustered-4.csv,10341322935033.615234
clustered-coresets/Lightweight-bio_train-10-1457-2-clustered-0.csv,11635506910860.814453
clustered-coresets/Lightweight-bio_train-10-1457-2-clustered-1.csv,10186089897988.980469
clustered-coresets/Lightweight-bio_train-10-1457-2-clustered-2.csv,12197866539910.324219
clustered-coresets/Lightweight-bio_train-10-1457-2-clustered-3.csv,12101715062697.347656
clustered-coresets/Lightweight-bio_train-10-1457-2-clustered-4.csv,10242613680172.185547
clustered-coresets/Lightweight-bio_train-10-1457-3-clustered-0.csv,11044542274800.000000
clustered-coresets/Lightweight-bio_train-10-1457-3-clustered-1.csv,10451932270071.650391
clustered-coresets/Lightweight-bio_train-10-1457-3-clustered-2.csv,10493199307590.023438
clustered-coresets/Lightweight-bio_train-10-1457-3-clustered-3.csv,10493199307590.019531
clustered-coresets/Lightweight-bio_train-10-1457-3-clustered-4.csv,10492659348880.146484
clustered-coresets/Lightweight-bio_train-10-1457-4-clustered-0.csv,14147801016615.410156
clustered-coresets/Lightweight-bio_train-10-1457-4-clustered-1.csv,10454419981347.208984
clustered-coresets/Lightweight-bio_train-10-1457-4-clustered-2.csv,10294244307129.103516
clustered-coresets/Lightweight-bio_train-10-1457-4-clustered-3.csv,10454419981347.208984
clustered-coresets/Lightweight-bio_train-10-1457-4-clustered-4.csv,12299399747138.107422
clustered-coresets/Lightweight-bio_train-10-1457-5-clustered-0.csv,13793508782876.771484
clustered-coresets/Lightweight-bio_train-10-1457-5-clustered-1.csv,10270404255739.597656
clustered-coresets/Lightweight-bio_train-10-1457-5-clustered-2.csv,12049564703018.429688
clustered-coresets/Lightweight-bio_train-10-1457-5-clustered-3.csv,10270404255739.599609
clustered-coresets/Lightweight-bio_train-10-1457-5-clustered-4.csv,10361091586552.837891
clustered-coresets/Lightweight-bio_train-10-14575-1-clustered-0.csv,11783033472877.857422
clustered-coresets/Lightweight-bio_train-10-14575-1-clustered-1.csv,11529174536664.066406
clustered-coresets/Lightweight-bio_train-10-14575-1-clustered-2.csv,10130678084345.060547
clustered-coresets/Lightweight-bio_train-10-14575-1-clustered-3.csv,10130675482050.548828
clustered-coresets/Lightweight-bio_train-10-14575-1-clustered-4.csv,11578298878678.064453
clustered-coresets/Lightweight-bio_train-10-14575-2-clustered-0.csv,10285484282259.292969
clustered-coresets/Lightweight-bio_train-10-14575-2-clustered-1.csv,10285484282259.296875
clustered-coresets/Lightweight-bio_train-10-14575-2-clustered-2.csv,12211528746450.800781
clustered-coresets/Lightweight-bio_train-10-14575-2-clustered-3.csv,10179497936830.486328
clustered-coresets/Lightweight-bio_train-10-14575-2-clustered-4.csv,12059547914199.982422
clustered-coresets/Lightweight-bio_train-10-14575-3-clustered-0.csv,10191799389390.984375
clustered-coresets/Lightweight-bio_train-10-14575-3-clustered-1.csv,10137461777376.427734
clustered-coresets/Lightweight-bio_train-10-14575-3-clustered-2.csv,12224076619267.478516
clustered-coresets/Lightweight-bio_train-10-14575-3-clustered-3.csv,10137461777376.427734
clustered-coresets/Lightweight-bio_train-10-14575-3-clustered-4.csv,11747913534229.904297
clustered-coresets/Lightweight-bio_train-10-14575-4-clustered-0.csv,12688703436780.898438
clustered-coresets/Lightweight-bio_train-10-14575-4-clustered-1.csv,10279541217415.626953
clustered-coresets/Lightweight-bio_train-10-14575-4-clustered-2.csv,10279219706421.511719
clustered-coresets/Lightweight-bio_train-10-14575-4-clustered-3.csv,10186935193658.042969
clustered-coresets/Lightweight-bio_train-10-14575-4-clustered-4.csv,10137863077231.263672
clustered-coresets/Lightweight-bio_train-10-14575-5-clustered-0.csv,11870017643511.708984
clustered-coresets/Lightweight-bio_train-10-14575-5-clustered-1.csv,13847871824087.683594
clustered-coresets/Lightweight-bio_train-10-14575-5-clustered-2.csv,10187181753577.242188
clustered-coresets/Lightweight-bio_train-10-14575-5-clustered-3.csv,13225541119982.208984
clustered-coresets/Lightweight-bio_train-10-14575-5-clustered-4.csv,10134830644345.132812
clustered-coresets/Lightweight-bio_train-10-364-1-clustered-0.csv,15204125570095.595703
clustered-coresets/Lightweight-bio_train-10-364-1-clustered-1.csv,13247394777075.517578
clustered-coresets/Lightweight-bio_train-10-364-1-clustered-2.csv,12652899221173.064453
clustered-coresets/Lightweight-bio_train-10-364-1-clustered-3.csv,10574632643986.091797
clustered-coresets/Lightweight-bio_train-10-364-1-clustered-4.csv,13748213365038.480469
clustered-coresets/Lightweight-bio_train-10-364-2-clustered-0.csv,10393593391288.685547
clustered-coresets/Lightweight-bio_train-10-364-2-clustered-1.csv,10393593391288.685547
clustered-coresets/Lightweight-bio_train-10-364-2-clustered-2.csv,10738846309878.566406
clustered-coresets/Lightweight-bio_train-10-364-2-clustered-3.csv,12141718415352.787109
clustered-coresets/Lightweight-bio_train-10-364-2-clustered-4.csv,10820261940302.958984
clustered-coresets/Lightweight-bio_train-10-364-3-clustered-0.csv,10425090251725.617188
clustered-coresets/Lightweight-bio_train-10-364-3-clustered-1.csv,11909298723151.085938
clustered-coresets/Lightweight-bio_train-10-364-3-clustered-2.csv,11387486320650.732422
clustered-coresets/Lightweight-bio_train-10-364-3-clustered-3.csv,11203064789638.855469
clustered-coresets/Lightweight-bio_train-10-364-3-clustered-4.csv,10425090251725.617188
clustered-coresets/Lightweight-bio_train-10-364-4-clustered-0.csv,10404260867127.511719
clustered-coresets/Lightweight-bio_train-10-364-4-clustered-1.csv,13365396097285.609375
clustered-coresets/Lightweight-bio_train-10-364-4-clustered-2.csv,13327792280371.976562
clustered-coresets/Lightweight-bio_train-10-364-4-clustered-3.csv,12715021666543.761719
clustered-coresets/Lightweight-bio_train-10-364-4-clustered-4.csv,11836285778181.199219
clustered-coresets/Lightweight-bio_train-10-364-5-clustered-0.csv,11396630418462.958984
clustered-coresets/Lightweight-bio_train-10-364-5-clustered-1.csv,11624628173103.511719
clustered-coresets/Lightweight-bio_train-10-364-5-clustered-2.csv,10703311645264.685547
clustered-coresets/Lightweight-bio_train-10-364-5-clustered-3.csv,11396630418462.958984
clustered-coresets/Lightweight-bio_train-10-364-5-clustered-4.csv,15691860090284.699219
clustered-coresets/Lightweight-bio_train-10-3643-1-clustered-0.csv,10148337814839.523438
clustered-coresets/Lightweight-bio_train-10-3643-1-clustered-1.csv,10148337814839.519531
clustered-coresets/Lightweight-bio_train-10-3643-1-clustered-2.csv,10148337814839.515625
clustered-coresets/Lightweight-bio_train-10-3643-1-clustered-3.csv,10148337814839.523438
clustered-coresets/Lightweight-bio_train-10-3643-1-clustered-4.csv,10148337814839.517578
clustered-coresets/Lightweight-bio_train-10-3643-2-clustered-0.csv,10202124828686.337891
clustered-coresets/Lightweight-bio_train-10-3643-2-clustered-1.csv,10163045770562.335938
clustered-coresets/Lightweight-bio_train-10-3643-2-clustered-2.csv,11016909008992.810547
clustered-coresets/Lightweight-bio_train-10-3643-2-clustered-3.csv,10163045770562.341797
clustered-coresets/Lightweight-bio_train-10-3643-2-clustered-4.csv,10202396492713.787109
clustered-coresets/Lightweight-bio_train-10-3643-3-clustered-0.csv,10185974261022.638672
clustered-coresets/Lightweight-bio_train-10-3643-3-clustered-1.csv,10185974261022.638672
clustered-coresets/Lightweight-bio_train-10-3643-3-clustered-2.csv,10911299014063.062500
clustered-coresets/Lightweight-bio_train-10-3643-3-clustered-3.csv,10416327222583.861328
clustered-coresets/Lightweight-bio_train-10-3643-3-clustered-4.csv,10186386128580.134766
clustered-coresets/Lightweight-bio_train-10-3643-4-clustered-0.csv,14723988204508.710938
clustered-coresets/Lightweight-bio_train-10-3643-4-clustered-1.csv,11044652390635.742188
clustered-coresets/Lightweight-bio_train-10-3643-4-clustered-2.csv,10197858736923.927734
clustered-coresets/Lightweight-bio_train-10-3643-4-clustered-3.csv,10212767951391.150391
clustered-coresets/Lightweight-bio_train-10-3643-4-clustered-4.csv,10178542026624.732422
clustered-coresets/Lightweight-bio_train-10-3643-5-clustered-0.csv,10198377860105.701172
clustered-coresets/Lightweight-bio_train-10-3643-5-clustered-1.csv,10183059729265.599609
clustered-coresets/Lightweight-bio_train-10-3643-5-clustered-2.csv,13136791900491.466797
clustered-coresets/Lightweight-bio_train-10-3643-5-clustered-3.csv,13230191045261.583984
clustered-coresets/Lightweight-bio_train-10-3643-5-clustered-4.csv,10282556731206.677734
clustered-coresets/Lightweight-bio_train-10-728-1-clustered-0.csv,13041286644330.873047
clustered-coresets/Lightweight-bio_train-10-728-1-clustered-1.csv,13111711443524.990234
clustered-coresets/Lightweight-bio_train-10-728-1-clustered-2.csv,12332330457651.292969
clustered-coresets/Lightweight-bio_train-10-728-1-clustered-3.csv,14105282775548.976562
clustered-coresets/Lightweight-bio_train-10-728-1-clustered-4.csv,15267791479255.533203
clustered-coresets/Lightweight-bio_train-10-728-2-clustered-0.csv,12491670654828.076172
clustered-coresets/Lightweight-bio_train-10-728-2-clustered-1.csv,14032381968278.720703
clustered-coresets/Lightweight-bio_train-10-728-2-clustered-2.csv,14032381968278.714844
clustered-coresets/Lightweight-bio_train-10-728-2-clustered-3.csv,12573805513878.462891
clustered-coresets/Lightweight-bio_train-10-728-2-clustered-4.csv,13325768115372.582031
clustered-coresets/Lightweight-bio_train-10-728-3-clustered-0.csv,11807798030643.945312
clustered-coresets/Lightweight-bio_train-10-728-3-clustered-1.csv,10487099247928.585938
clustered-coresets/Lightweight-bio_train-10-728-3-clustered-2.csv,10228406194448.804688
clustered-coresets/Lightweight-bio_train-10-728-3-clustered-3.csv,10228406194448.804688
clustered-coresets/Lightweight-bio_train-10-728-3-clustered-4.csv,12161735418500.013672
clustered-coresets/Lightweight-bio_train-10-728-4-clustered-0.csv,10332573498806.390625
clustered-coresets/Lightweight-bio_train-10-728-4-clustered-1.csv,10332573498806.384766
clustered-coresets/Lightweight-bio_train-10-728-4-clustered-2.csv,12225985142903.248047
clustered-coresets/Lightweight-bio_train-10-728-4-clustered-3.csv,10303571691839.261719
clustered-coresets/Lightweight-bio_train-10-728-4-clustered-4.csv,10332573498806.390625
clustered-coresets/Lightweight-bio_train-10-728-5-clustered-0.csv,10307599941809.990234
clustered-coresets/Lightweight-bio_train-10-728-5-clustered-1.csv,10381491822363.925781
clustered-coresets/Lightweight-bio_train-10-728-5-clustered-2.csv,10381491822363.927734
clustered-coresets/Lightweight-bio_train-10-728-5-clustered-3.csv,10381491822363.927734
clustered-coresets/Lightweight-bio_train-10-728-5-clustered-4.csv,10381491822363.925781
clustered-coresets/Lightweight-bio_train-10-7287-1-clustered-0.csv,10216369975531.998047
clustered-coresets/Lightweight-bio_train-10-7287-1-clustered-1.csv,10148724798546.761719
clustered-coresets/Lightweight-bio_train-10-7287-1-clustered-2.csv,10172212765512.392578
clustered-coresets/Lightweight-bio_train-10-7287-1-clustered-3.csv,11779036748785.199219
clustered-coresets/Lightweight-bio_train-10-7287-1-clustered-4.csv,10171295396358.753906
clustered-coresets/Lightweight-bio_train-10-7287-2-clustered-0.csv,10275471613724.730469
clustered-coresets/Lightweight-bio_train-10-7287-2-clustered-1.csv,10133196290085.957031
clustered-coresets/Lightweight-bio_train-10-7287-2-clustered-2.csv,10167886924662.642578
clustered-coresets/Lightweight-bio_train-10-7287-2-clustered-3.csv,13819870961002.859375
clustered-coresets/Lightweight-bio_train-10-7287-2-clustered-4.csv,10133196290085.962891
clustered-coresets/Lightweight-bio_train-10-7287-3-clustered-0.csv,10186697237956.595703
clustered-coresets/Lightweight-bio_train-10-7287-3-clustered-1.csv,11780988654032.078125
clustered-coresets/Lightweight-bio_train-10-7287-3-clustered-2.csv,12108988956561.736328
clustered-coresets/Lightweight-bio_train-10-7287-3-clustered-3.csv,11591819602045.193359
clustered-coresets/Lightweight-bio_train-10-7287-3-clustered-4.csv,10187268732628.734375
clustered-coresets/Lightweight-bio_train-10-7287-4-clustered-0.csv,11809501212481.306641
clustered-coresets/Lightweight-bio_train-10-7287-4-clustered-1.csv,10298197104693.857422
clustered-coresets/Lightweight-bio_train-10-7287-4-clustered-2.csv,10146356571177.333984
clustered-coresets/Lightweight-bio_train-10-7287-4-clustered-3.csv,10144501950586.490234
clustered-coresets/Lightweight-bio_train-10-7287-4-clustered-4.csv,10145831136631.994141
clustered-coresets/Lightweight-bio_train-10-7287-5-clustered-0.csv,11333054401238.671875
clustered-coresets/Lightweight-bio_train-10-7287-5-clustered-1.csv,10203625706687.046875
clustered-coresets/Lightweight-bio_train-10-7287-5-clustered-2.csv,11577588797568.544922
clustered-coresets/Lightweight-bio_train-10-7287-5-clustered-3.csv,10194561692315.273438
clustered-coresets/Lightweight-bio_train-10-7287-5-clustered-4.csv,10194233940874.113281
clustered-coresets/Lightweight-bio_train-100-145-1-clustered-0.csv,3192004041640.784180
clustered-coresets/Lightweight-bio_train-100-145-1-clustered-1.csv,3237544677888.694336
clustered-coresets/Lightweight-bio_train-100-145-1-clustered-2.csv,3239048611421.132324
clustered-coresets/Lightweight-bio_train-100-145-1-clustered-3.csv,3243127316358.716309
clustered-coresets/Lightweight-bio_train-100-145-1-clustered-4.csv,3233253648039.014160
clustered-coresets/Lightweight-bio_train-100-145-2-clustered-0.csv,1995898425375.128174
clustered-coresets/Lightweight-bio_train-100-145-2-clustered-1.csv,2005974580960.522949
clustered-coresets/Lightweight-bio_train-100-145-2-clustered-2.csv,2003724060551.107666
clustered-coresets/Lightweight-bio_train-100-145-2-clustered-3.csv,1995035708919.602295
clustered-coresets/Lightweight-bio_train-100-145-2-clustered-4.csv,1992429091507.675293
clustered-coresets/Lightweight-bio_train-100-145-3-clustered-0.csv,3269227585959.820312
clustered-coresets/Lightweight-bio_train-100-145-3-clustered-1.csv,3265545266191.903320
clustered-coresets/Lightweight-bio_train-100-145-3-clustered-2.csv,3262863453668.861816
clustered-coresets/Lightweight-bio_train-100-145-3-clustered-3.csv,3269526596735.584473
clustered-coresets/Lightweight-bio_train-100-145-3-clustered-4.csv,3263454504677.049805
clustered-coresets/Lightweight-bio_train-100-145-4-clustered-0.csv,2205584273152.659180
clustered-coresets/Lightweight-bio_train-100-145-4-clustered-1.csv,2197437894737.325684
clustered-coresets/Lightweight-bio_train-100-145-4-clustered-2.csv,2194435147252.931641
clustered-coresets/Lightweight-bio_train-100-145-4-clustered-3.csv,2213257525990.151367
clustered-coresets/Lightweight-bio_train-100-145-4-clustered-4.csv,2197494572441.430908
clustered-coresets/Lightweight-bio_train-100-145-5-clustered-0.csv,2462049689307.663574
clustered-coresets/Lightweight-bio_train-100-145-5-clustered-1.csv,2448262388509.389160
clustered-coresets/Lightweight-bio_train-100-145-5-clustered-2.csv,2446913053300.937012
clustered-coresets/Lightweight-bio_train-100-145-5-clustered-3.csv,2443709750727.873047
clustered-coresets/Lightweight-bio_train-100-145-5-clustered-4.csv,2457458874667.514648
clustered-coresets/Lightweight-bio_train-100-1457-1-clustered-0.csv,1333046843205.248291
clustered-coresets/Lightweight-bio_train-100-1457-1-clustered-1.csv,1393404867947.705078
clustered-coresets/Lightweight-bio_train-100-1457-1-clustered-2.csv,1365406366425.650635
clustered-coresets/Lightweight-bio_train-100-1457-1-clustered-3.csv,1343873320732.055420
clustered-coresets/Lightweight-bio_train-100-1457-1-clustered-4.csv,1371294031803.353516
clustered-coresets/Lightweight-bio_train-100-1457-2-clustered-0.csv,1333968751789.723633
clustered-coresets/Lightweight-bio_train-100-1457-2-clustered-1.csv,1305340637182.167480
clustered-coresets/Lightweight-bio_train-100-1457-2-clustered-2.csv,1313973159056.505127
clustered-coresets/Lightweight-bio_train-100-1457-2-clustered-3.csv,1379746541670.913086
clustered-coresets/Lightweight-bio_train-100-1457-2-clustered-4.csv,1329334898239.314453
clustered-coresets/Lightweight-bio_train-100-1457-3-clustered-0.csv,1408582231809.070801
clustered-coresets/Lightweight-bio_train-100-1457-3-clustered-1.csv,1396041475146.261230
clustered-coresets/Lightweight-bio_train-100-1457-3-clustered-2.csv,1394326791865.740479
clustered-coresets/Lightweight-bio_train-100-1457-3-clustered-3.csv,1371493148574.975586
clustered-coresets/Lightweight-bio_train-100-1457-3-clustered-4.csv,1391008585905.958008
clustered-coresets/Lightweight-bio_train-100-1457-4-clustered-0.csv,1143365854591.419189
clustered-coresets/Lightweight-bio_train-100-1457-4-clustered-1.csv,1180748167273.433105
clustered-coresets/Lightweight-bio_train-100-1457-4-clustered-2.csv,1141140782453.241943
clustered-coresets/Lightweight-bio_train-100-1457-4-clustered-3.csv,1163755913836.295410
clustered-coresets/Lightweight-bio_train-100-1457-4-clustered-4.csv,1160550514443.760498
clustered-coresets/Lightweight-bio_train-100-1457-5-clustered-0.csv,1359799474979.219971
clustered-coresets/Lightweight-bio_train-100-1457-5-clustered-1.csv,1340453456965.497803
clustered-coresets/Lightweight-bio_train-100-1457-5-clustered-2.csv,1345843517087.979004
clustered-coresets/Lightweight-bio_train-100-1457-5-clustered-3.csv,1333289727387.880371
clustered-coresets/Lightweight-bio_train-100-1457-5-clustered-4.csv,1376461263436.733398
clustered-coresets/Lightweight-bio_train-100-14575-1-clustered-0.csv,918820771326.076660
clustered-coresets/Lightweight-bio_train-100-14575-1-clustered-1.csv,950695089061.251953
clustered-coresets/Lightweight-bio_train-100-14575-1-clustered-2.csv,922804730536.392578
clustered-coresets/Lightweight-bio_train-100-14575-1-clustered-3.csv,982256138803.888184
clustered-coresets/Lightweight-bio_train-100-14575-1-clustered-4.csv,968311057756.460449
clustered-coresets/Lightweight-bio_train-100-14575-2-clustered-0.csv,912557725837.960571
clustered-coresets/Lightweight-bio_train-100-14575-2-clustered-1.csv,946061334187.599121
clustered-coresets/Lightweight-bio_train-100-14575-2-clustered-2.csv,939576694838.099487
clustered-coresets/Lightweight-bio_train-100-14575-2-clustered-3.csv,930482090992.668701
clustered-coresets/Lightweight-bio_train-100-14575-2-clustered-4.csv,918354183056.191528
clustered-coresets/Lightweight-bio_train-100-14575-3-clustered-0.csv,933894761942.092285
clustered-coresets/Lightweight-bio_train-100-14575-3-clustered-1.csv,950563912932.529419
clustered-coresets/Lightweight-bio_train-100-14575-3-clustered-2.csv,961383488259.681641
clustered-coresets/Lightweight-bio_train-100-14575-3-clustered-3.csv,946494577192.797974
clustered-coresets/Lightweight-bio_train-100-14575-3-clustered-4.csv,924239009571.253784
clustered-coresets/Lightweight-bio_train-100-14575-4-clustered-0.csv,913579504832.417847
clustered-coresets/Lightweight-bio_train-100-14575-4-clustered-1.csv,948317048843.849976
clustered-coresets/Lightweight-bio_train-100-14575-4-clustered-2.csv,900551069523.832275
clustered-coresets/Lightweight-bio_train-100-14575-4-clustered-3.csv,903096016208.598633
clustered-coresets/Lightweight-bio_train-100-14575-4-clustered-4.csv,896972209784.990601
clustered-coresets/Lightweight-bio_train-100-14575-5-clustered-0.csv,934521720883.817871
clustered-coresets/Lightweight-bio_train-100-14575-5-clustered-1.csv,922158516235.775269
clustered-coresets/Lightweight-bio_train-100-14575-5-clustered-2.csv,933195480402.070923
clustered-coresets/Lightweight-bio_train-100-14575-5-clustered-3.csv,929579661813.793335
clustered-coresets/Lightweight-bio_train-100-14575-5-clustered-4.csv,942462969859.425659
clustered-coresets/Lightweight-bio_train-100-364-1-clustered-0.csv,1749123639133.773193
clustered-coresets/Lightweight-bio_train-100-364-1-clustered-1.csv,1728839770749.269775
clustered-coresets/Lightweight-bio_train-100-364-1-clustered-2.csv,1733385073124.227295
clustered-coresets/Lightweight-bio_train-100-364-1-clustered-3.csv,1748335708950.732422
clustered-coresets/Lightweight-bio_train-100-364-1-clustered-4.csv,1781387259929.893555
clustered-coresets/Lightweight-bio_train-100-364-2-clustered-0.csv,1726328724984.788330
clustered-coresets/Lightweight-bio_train-100-364-2-clustered-1.csv,1722131318545.152588
clustered-coresets/Lightweight-bio_train-100-364-2-clustered-2.csv,1683961048716.986084
clustered-coresets/Lightweight-bio_train-100-364-2-clustered-3.csv,1712502567145.795654
clustered-coresets/Lightweight-bio_train-100-364-2-clustered-4.csv,1696759751366.721191
clustered-coresets/Lightweight-bio_train-100-364-3-clustered-0.csv,1515572186397.844971
clustered-coresets/Lightweight-bio_train-100-364-3-clustered-1.csv,1511811536426.200684
clustered-coresets/Lightweight-bio_train-100-364-3-clustered-2.csv,1465414503549.593994
clustered-coresets/Lightweight-bio_train-100-364-3-clustered-3.csv,1469329822228.621826
clustered-coresets/Lightweight-bio_train-100-364-3-clustered-4.csv,1467023854426.712402
clustered-coresets/Lightweight-bio_train-100-364-4-clustered-0.csv,1944711659551.857910
clustered-coresets/Lightweight-bio_train-100-364-4-clustered-1.csv,1917729532439.291504
clustered-coresets/Lightweight-bio_train-100-364-4-clustered-2.csv,1899736464894.520264
clustered-coresets/Lightweight-bio_train-100-364-4-clustered-3.csv,1941633124100.385254
clustered-coresets/Lightweight-bio_train-100-364-4-clustered-4.csv,1911963306044.673340
clustered-coresets/Lightweight-bio_train-100-364-5-clustered-0.csv,1807955466834.714111
clustered-coresets/Lightweight-bio_train-100-364-5-clustered-1.csv,1848549493527.675537
clustered-coresets/Lightweight-bio_train-100-364-5-clustered-2.csv,1854752423644.932861
clustered-coresets/Lightweight-bio_train-100-364-5-clustered-3.csv,1860132035246.780762
clustered-coresets/Lightweight-bio_train-100-364-5-clustered-4.csv,1827584928439.420166
clustered-coresets/Lightweight-bio_train-100-3643-1-clustered-0.csv,1235974168521.122070
clustered-coresets/Lightweight-bio_train-100-3643-1-clustered-1.csv,1215770412501.057129
clustered-coresets/Lightweight-bio_train-100-3643-1-clustered-2.csv,1211991086693.102539
clustered-coresets/Lightweight-bio_train-100-3643-1-clustered-3.csv,1230336595635.235352
clustered-coresets/Lightweight-bio_train-100-3643-1-clustered-4.csv,1216709761138.392578
clustered-coresets/Lightweight-bio_train-100-3643-2-clustered-0.csv,1011540360664.832642
clustered-coresets/Lightweight-bio_train-100-3643-2-clustered-1.csv,1009167000566.677368
clustered-coresets/Lightweight-bio_train-100-3643-2-clustered-2.csv,976625250327.345337
clustered-coresets/Lightweight-bio_train-100-3643-2-clustered-3.csv,988575559955.214600
clustered-coresets/Lightweight-bio_train-100-3643-2-clustered-4.csv,1009254447840.129883
clustered-coresets/Lightweight-bio_train-100-3643-3-clustered-0.csv,1114515502818.163818
clustered-coresets/Lightweight-bio_train-100-3643-3-clustered-1.csv,1149574388427.894775
clustered-coresets/Lightweight-bio_train-100-3643-3-clustered-2.csv,1116861328862.418457
clustered-coresets/Lightweight-bio_train-100-3643-3-clustered-3.csv,1103224624066.603760
clustered-coresets/Lightweight-bio_train-100-3643-3-clustered-4.csv,1086214469216.957764
clustered-coresets/Lightweight-bio_train-100-3643-4-clustered-0.csv,1234477785232.177979
clustered-coresets/Lightweight-bio_train-100-3643-4-clustered-1.csv,1226572681296.034424
clustered-coresets/Lightweight-bio_train-100-3643-4-clustered-2.csv,1231050144150.511230
clustered-coresets/Lightweight-bio_train-100-3643-4-clustered-3.csv,1277623046194.247070
clustered-coresets/Lightweight-bio_train-100-3643-4-clustered-4.csv,1234580511432.399170
clustered-coresets/Lightweight-bio_train-100-3643-5-clustered-0.csv,1018444914041.042725
clustered-coresets/Lightweight-bio_train-100-3643-5-clustered-1.csv,1044785622951.351685
clustered-coresets/Lightweight-bio_train-100-3643-5-clustered-2.csv,1049226644244.745728
clustered-coresets/Lightweight-bio_train-100-3643-5-clustered-3.csv,1027302864094.956177
clustered-coresets/Lightweight-bio_train-100-3643-5-clustered-4.csv,1029484193862.493774
clustered-coresets/Lightweight-bio_train-100-728-1-clustered-0.csv,1371404796295.318604
clustered-coresets/Lightweight-bio_train-100-728-1-clustered-1.csv,1377589669646.233643
clustered-coresets/Lightweight-bio_train-100-728-1-clustered-2.csv,1347292768283.640869
clustered-coresets/Lightweight-bio_train-100-728-1-clustered-3.csv,1333983605901.240967
clustered-coresets/Lightweight-bio_train-100-728-1-clustered-4.csv,1340286105683.496338
clustered-coresets/Lightweight-bio_train-100-728-2-clustered-0.csv,1498374501198.891602
clustered-coresets/Lightweight-bio_train-100-728-2-clustered-1.csv,1477889027906.153076
clustered-coresets/Lightweight-bio_train-100-728-2-clustered-2.csv,1456975782431.062744
clustered-coresets/Lightweight-bio_train-100-728-2-clustered-3.csv,1494578208508.840088
clustered-coresets/Lightweight-bio_train-100-728-2-clustered-4.csv,1453090982661.411133
clustered-coresets/Lightweight-bio_train-100-728-3-clustered-0.csv,1186901617378.325195
clustered-coresets/Lightweight-bio_train-100-728-3-clustered-1.csv,1206321260036.757080
clustered-coresets/Lightweight-bio_train-100-728-3-clustered-2.csv,1176365298569.098877
clustered-coresets/Lightweight-bio_train-100-728-3-clustered-3.csv,1184442543910.792969
clustered-coresets/Lightweight-bio_train-100-728-3-clustered-4.csv,1179448799155.813477
clustered-coresets/Lightweight-bio_train-100-728-4-clustered-0.csv,1791847560823.941406
clustered-coresets/Lightweight-bio_train-100-728-4-clustered-1.csv,1793473854767.846924
clustered-coresets/Lightweight-bio_train-100-728-4-clustered-2.csv,1828880161895.040771
clustered-coresets/Lightweight-bio_train-100-728-4-clustered-3.csv,1771668017377.162598
clustered-coresets/Lightweight-bio_train-100-728-4-clustered-4.csv,1758394464625.468506
clustered-coresets/Lightweight-bio_train-100-728-5-clustered-0.csv,1696489779330.429688
clustered-coresets/Lightweight-bio_train-100-728-5-clustered-1.csv,1686536947640.061279
clustered-coresets/Lightweight-bio_train-100-728-5-clustered-2.csv,1676337805852.341309
clustered-coresets/Lightweight-bio_train-100-728-5-clustered-3.csv,1684761964103.671631
clustered-coresets/Lightweight-bio_train-100-728-5-clustered-4.csv,1725684006934.984619
clustered-coresets/Lightweight-bio_train-100-7287-1-clustered-0.csv,960571174268.637695
clustered-coresets/Lightweight-bio_train-100-7287-1-clustered-1.csv,977136546668.846802
clustered-coresets/Lightweight-bio_train-100-7287-1-clustered-2.csv,979643533973.656006
clustered-coresets/Lightweight-bio_train-100-7287-1-clustered-3.csv,973746726688.588501
clustered-coresets/Lightweight-bio_train-100-7287-1-clustered-4.csv,961981958978.572754
clustered-coresets/Lightweight-bio_train-100-7287-2-clustered-0.csv,947557956776.350098
clustered-coresets/Lightweight-bio_train-100-7287-2-clustered-1.csv,929071554029.548584
clustered-coresets/Lightweight-bio_train-100-7287-2-clustered-2.csv,932586520864.365234
clustered-coresets/Lightweight-bio_train-100-7287-2-clustered-3.csv,934384071777.520020
clustered-coresets/Lightweight-bio_train-100-7287-2-clustered-4.csv,928496278681.383057
clustered-coresets/Lightweight-bio_train-100-7287-3-clustered-0.csv,954190399008.953979
clustered-coresets/Lightweight-bio_train-100-7287-3-clustered-1.csv,949623387763.903076
clustered-coresets/Lightweight-bio_train-100-7287-3-clustered-2.csv,910701427579.878296
clustered-coresets/Lightweight-bio_train-100-7287-3-clustered-3.csv,949678359819.183228
clustered-coresets/Lightweight-bio_train-100-7287-3-clustered-4.csv,931070289789.056763
clustered-coresets/Lightweight-bio_train-100-7287-4-clustered-0.csv,992055925328.435425
clustered-coresets/Lightweight-bio_train-100-7287-4-clustered-1.csv,966253575691.339111
clustered-coresets/Lightweight-bio_train-100-7287-4-clustered-2.csv,984465809401.843262
clustered-coresets/Lightweight-bio_train-100-7287-4-clustered-3.csv,961192488649.135254
clustered-coresets/Lightweight-bio_train-100-7287-4-clustered-4.csv,1000058397132.112305
clustered-coresets/Lightweight-bio_train-100-7287-5-clustered-0.csv,1049714456357.636230
clustered-coresets/Lightweight-bio_train-100-7287-5-clustered-1.csv,1072275963937.917969
clustered-coresets/Lightweight-bio_train-100-7287-5-clustered-2.csv,1060107506445.888672
clustered-coresets/Lightweight-bio_train-100-7287-5-clustered-3.csv,1080666065448.994995
clustered-coresets/Lightweight-bio_train-100-7287-5-clustered-4.csv,1055709506251.009521
clustered-coresets/Lightweight-bio_train-1000-1457-1-clustered-0.csv,798861952577.645020
clustered-coresets/Lightweight-bio_train-1000-1457-1-clustered-1.csv,799301488474.512329
clustered-coresets/Lightweight-bio_train-1000-1457-1-clustered-2.csv,799179231152.546997
clustered-coresets/Lightweight-bio_train-1000-1457-1-clustered-3.csv,798479167042.251831
clustered-coresets/Lightweight-bio_train-1000-1457-1-clustered-4.csv,798671338304.125000
clustered-coresets/Lightweight-bio_train-1000-1457-2-clustered-0.csv,1086850796424.893433
clustered-coresets/Lightweight-bio_train-1000-1457-2-clustered-1.csv,1087928403993.770386
clustered-coresets/Lightweight-bio_train-1000-1457-2-clustered-2.csv,1087885665338.259033
clustered-coresets/Lightweight-bio_train-1000-1457-2-clustered-3.csv,1087246877745.028076
clustered-coresets/Lightweight-bio_train-1000-1457-2-clustered-4.csv,1087797181119.859497
clustered-coresets/Lightweight-bio_train-1000-1457-3-clustered-0.csv,777507837523.127563
clustered-coresets/Lightweight-bio_train-1000-1457-3-clustered-1.csv,778108962529.121704
clustered-coresets/Lightweight-bio_train-1000-1457-3-clustered-2.csv,778019930713.350220
clustered-coresets/Lightweight-bio_train-1000-1457-3-clustered-3.csv,778137023953.826660
clustered-coresets/Lightweight-bio_train-1000-1457-3-clustered-4.csv,776874957118.740845
clustered-coresets/Lightweight-bio_train-1000-1457-4-clustered-0.csv,794596410185.657227
clustered-coresets/Lightweight-bio_train-1000-1457-4-clustered-1.csv,794081505710.881592
clustered-coresets/Lightweight-bio_train-1000-1457-4-clustered-2.csv,794681669932.919312
clustered-coresets/Lightweight-bio_train-1000-1457-4-clustered-3.csv,794986686257.896729
clustered-coresets/Lightweight-bio_train-1000-1457-4-clustered-4.csv,794334324281.774658
clustered-coresets/Lightweight-bio_train-1000-1457-5-clustered-0.csv,873976625279.755127
clustered-coresets/Lightweight-bio_train-1000-1457-5-clustered-1.csv,873604271484.977661
clustered-coresets/Lightweight-bio_train-1000-1457-5-clustered-2.csv,873509230685.880859
clustered-coresets/Lightweight-bio_train-1000-1457-5-clustered-3.csv,873150056938.496338
clustered-coresets/Lightweight-bio_train-1000-1457-5-clustered-4.csv,873175260810.070557
clustered-coresets/Lightweight-bio_train-1000-14575-1-clustered-0.csv,324351684890.830872
clustered-coresets/Lightweight-bio_train-1000-14575-1-clustered-1.csv,323564588466.417542
clustered-coresets/Lightweight-bio_train-1000-14575-1-clustered-2.csv,324208987010.687561
clustered-coresets/Lightweight-bio_train-1000-14575-1-clustered-3.csv,323382814512.962402
clustered-coresets/Lightweight-bio_train-1000-14575-1-clustered-4.csv,323427750289.810242
clustered-coresets/Lightweight-bio_train-1000-14575-2-clustered-0.csv,331310257231.946411
clustered-coresets/Lightweight-bio_train-1000-14575-2-clustered-1.csv,329977929406.145447
clustered-coresets/Lightweight-bio_train-1000-14575-2-clustered-2.csv,330937352988.783691
clustered-coresets/Lightweight-bio_train-1000-14575-2-clustered-3.csv,332333930320.748047
clustered-coresets/Lightweight-bio_train-1000-14575-2-clustered-4.csv,332766379746.503845
clustered-coresets/Lightweight-bio_train-1000-14575-3-clustered-0.csv,344563178205.036804
clustered-coresets/Lightweight-bio_train-1000-14575-3-clustered-1.csv,345215735633.519104
clustered-coresets/Lightweight-bio_train-1000-14575-3-clustered-2.csv,347007830975.760132
clustered-coresets/Lightweight-bio_train-1000-14575-3-clustered-3.csv,343656357208.512756
clustered-coresets/Lightweight-bio_train-1000-14575-3-clustered-4.csv,344307777337.017090
clustered-coresets/Lightweight-bio_train-1000-14575-4-clustered-0.csv,361744984303.073975
clustered-coresets/Lightweight-bio_train-1000-14575-4-clustered-1.csv,360908853695.345642
clustered-coresets/Lightweight-bio_train-1000-14575-4-clustered-2.csv,360803647897.252014
clustered-coresets/Lightweight-bio_train-1000-14575-4-clustered-3.csv,361861402120.989441
clustered-coresets/Lightweight-bio_train-1000-14575-4-clustered-4.csv,360679703661.905334
clustered-coresets/Lightweight-bio_train-1000-14575-5-clustered-0.csv,358112423039.609192
clustered-coresets/Lightweight-bio_train-1000-14575-5-clustered-1.csv,357870298025.782715
clustered-coresets/Lightweight-bio_train-1000-14575-5-clustered-2.csv,357656103437.139160
clustered-coresets/Lightweight-bio_train-1000-14575-5-clustered-3.csv,355870866623.604431
clustered-coresets/Lightweight-bio_train-1000-14575-5-clustered-4.csv,357329220958.700745
clustered-coresets/Lightweight-bio_train-1000-3643-1-clustered-0.csv,554664943860.056396
clustered-coresets/Lightweight-bio_train-1000-3643-1-clustered-1.csv,553894779528.969971
clustered-coresets/Lightweight-bio_train-1000-3643-1-clustered-2.csv,552557538631.260132
clustered-coresets/Lightweight-bio_train-1000-3643-1-clustered-3.csv,552666479458.200073
clustered-coresets/Lightweight-bio_train-1000-3643-1-clustered-4.csv,554067155048.571655
clustered-coresets/Lightweight-bio_train-1000-3643-2-clustered-0.csv,601702527777.469604
clustered-coresets/Lightweight-bio_train-1000-3643-2-clustered-1.csv,599951854177.872070
clustered-coresets/Lightweight-bio_train-1000-3643-2-clustered-2.csv,600448781685.635132
clustered-coresets/Lightweight-bio_train-1000-3643-2-clustered-3.csv,599849723463.869141
clustered-coresets/Lightweight-bio_train-1000-3643-2-clustered-4.csv,602305107483.108398
clustered-coresets/Lightweight-bio_train-1000-3643-3-clustered-0.csv,509167040841.596619
clustered-coresets/Lightweight-bio_train-1000-3643-3-clustered-1.csv,509225155515.738708
clustered-coresets/Lightweight-bio_train-1000-3643-3-clustered-2.csv,509329321187.947021
clustered-coresets/Lightweight-bio_train-1000-3643-3-clustered-3.csv,508749153193.210388
clustered-coresets/Lightweight-bio_train-1000-3643-3-clustered-4.csv,509318533077.171875
clustered-coresets/Lightweight-bio_train-1000-3643-4-clustered-0.csv,615687896615.457886
clustered-coresets/Lightweight-bio_train-1000-3643-4-clustered-1.csv,616474714752.466553
clustered-coresets/Lightweight-bio_train-1000-3643-4-clustered-2.csv,615981499325.100464
clustered-coresets/Lightweight-bio_train-1000-3643-4-clustered-3.csv,617846470198.358276
clustered-coresets/Lightweight-bio_train-1000-3643-4-clustered-4.csv,614941197694.404419
clustered-coresets/Lightweight-bio_train-1000-3643-5-clustered-0.csv,585245705122.634399
clustered-coresets/Lightweight-bio_train-1000-3643-5-clustered-1.csv,586917493407.102051
clustered-coresets/Lightweight-bio_train-1000-3643-5-clustered-2.csv,585610538878.447266
clustered-coresets/Lightweight-bio_train-1000-3643-5-clustered-3.csv,585775421114.380981
clustered-coresets/Lightweight-bio_train-1000-3643-5-clustered-4.csv,586851591455.235107
clustered-coresets/Lightweight-bio_train-1000-7287-1-clustered-0.csv,505491631784.979858
clustered-coresets/Lightweight-bio_train-1000-7287-1-clustered-1.csv,506449837557.417480
clustered-coresets/Lightweight-bio_train-1000-7287-1-clustered-2.csv,505749574401.152100
clustered-coresets/Lightweight-bio_train-1000-7287-1-clustered-3.csv,505526714917.878784
clustered-coresets/Lightweight-bio_train-1000-7287-1-clustered-4.csv,506325077859.906982
clustered-coresets/Lightweight-bio_train-1000-7287-2-clustered-0.csv,406064615404.841919
clustered-coresets/Lightweight-bio_train-1000-7287-2-clustered-1.csv,404454171663.945190
clustered-coresets/Lightweight-bio_train-1000-7287-2-clustered-2.csv,402868427961.467468
clustered-coresets/Lightweight-bio_train-1000-7287-2-clustered-3.csv,406253343113.991211
clustered-coresets/Lightweight-bio_train-1000-7287-2-clustered-4.csv,404083467187.416199
clustered-coresets/Lightweight-bio_train-1000-7287-3-clustered-0.csv,426489190121.285461
clustered-coresets/Lightweight-bio_train-1000-7287-3-clustered-1.csv,425537102518.784546
clustered-coresets/Lightweight-bio_train-1000-7287-3-clustered-2.csv,426777719987.277283
clustered-coresets/Lightweight-bio_train-1000-7287-3-clustered-3.csv,424739878234.334900
clustered-coresets/Lightweight-bio_train-1000-7287-3-clustered-4.csv,427706028426.495972
clustered-coresets/Lightweight-bio_train-1000-7287-4-clustered-0.csv,406543881388.578369
clustered-coresets/Lightweight-bio_train-1000-7287-4-clustered-1.csv,406989532569.343994
clustered-coresets/Lightweight-bio_train-1000-7287-4-clustered-2.csv,406832597235.591675
clustered-coresets/Lightweight-bio_train-1000-7287-4-clustered-3.csv,407515084230.057007
clustered-coresets/Lightweight-bio_train-1000-7287-4-clustered-4.csv,407770224476.363281
clustered-coresets/Lightweight-bio_train-1000-7287-5-clustered-0.csv,372908223153.799133
clustered-coresets/Lightweight-bio_train-1000-7287-5-clustered-1.csv,373289255088.182251
clustered-coresets/Lightweight-bio_train-1000-7287-5-clustered-2.csv,375076145814.841919
clustered-coresets/Lightweight-bio_train-1000-7287-5-clustered-3.csv,373939197154.865845
clustered-coresets/Lightweight-bio_train-1000-7287-5-clustered-4.csv,372910164231.844604
