clustered-coresets/Sensitivity-symmetric-10-1200-1-clustered-0.csv,952592.837241
clustered-coresets/Sensitivity-symmetric-10-1200-1-clustered-1.csv,950087.505889
clustered-coresets/Sensitivity-symmetric-10-1200-1-clustered-2.csv,948945.431797
clustered-coresets/Sensitivity-symmetric-10-1200-1-clustered-3.csv,950678.733651
clustered-coresets/Sensitivity-symmetric-10-1200-1-clustered-4.csv,949450.314197
clustered-coresets/Sensitivity-symmetric-10-1200-2-clustered-0.csv,946854.039675
clustered-coresets/Sensitivity-symmetric-10-1200-2-clustered-1.csv,947274.544353
clustered-coresets/Sensitivity-symmetric-10-1200-2-clustered-2.csv,946905.148521
clustered-coresets/Sensitivity-symmetric-10-1200-2-clustered-3.csv,946328.064642
clustered-coresets/Sensitivity-symmetric-10-1200-2-clustered-4.csv,945807.224988
clustered-coresets/Sensitivity-symmetric-10-1200-3-clustered-0.csv,947231.715868
clustered-coresets/Sensitivity-symmetric-10-1200-3-clustered-1.csv,950983.143409
clustered-coresets/Sensitivity-symmetric-10-1200-3-clustered-2.csv,947725.138616
clustered-coresets/Sensitivity-symmetric-10-1200-3-clustered-3.csv,947527.849144
clustered-coresets/Sensitivity-symmetric-10-1200-3-clustered-4.csv,950298.934267
clustered-coresets/Sensitivity-symmetric-10-1200-4-clustered-0.csv,949226.133744
clustered-coresets/Sensitivity-symmetric-10-1200-4-clustered-1.csv,948579.101311
clustered-coresets/Sensitivity-symmetric-10-1200-4-clustered-2.csv,948863.158538
clustered-coresets/Sensitivity-symmetric-10-1200-4-clustered-3.csv,948641.632179
clustered-coresets/Sensitivity-symmetric-10-1200-4-clustered-4.csv,949383.650489
clustered-coresets/Sensitivity-symmetric-10-1200-5-clustered-0.csv,950221.326523
clustered-coresets/Sensitivity-symmetric-10-1200-5-clustered-1.csv,951971.158282
clustered-coresets/Sensitivity-symmetric-10-1200-5-clustered-2.csv,952517.864111
clustered-coresets/Sensitivity-symmetric-10-1200-5-clustered-3.csv,949471.908000
clustered-coresets/Sensitivity-symmetric-10-1200-5-clustered-4.csv,949384.772414
clustered-coresets/Sensitivity-symmetric-10-12000-1-clustered-0.csv,944215.038588
clustered-coresets/Sensitivity-symmetric-10-12000-1-clustered-1.csv,945828.359979
clustered-coresets/Sensitivity-symmetric-10-12000-1-clustered-2.csv,945698.076238
clustered-coresets/Sensitivity-symmetric-10-12000-1-clustered-3.csv,944066.050758
clustered-coresets/Sensitivity-symmetric-10-12000-1-clustered-4.csv,945933.844010
clustered-coresets/Sensitivity-symmetric-10-12000-2-clustered-0.csv,944523.855566
clustered-coresets/Sensitivity-symmetric-10-12000-2-clustered-1.csv,944859.097326
clustered-coresets/Sensitivity-symmetric-10-12000-2-clustered-2.csv,943776.489078
clustered-coresets/Sensitivity-symmetric-10-12000-2-clustered-3.csv,943598.527729
clustered-coresets/Sensitivity-symmetric-10-12000-2-clustered-4.csv,943840.148651
clustered-coresets/Sensitivity-symmetric-10-12000-3-clustered-0.csv,943637.434022
clustered-coresets/Sensitivity-symmetric-10-12000-3-clustered-1.csv,943452.974011
clustered-coresets/Sensitivity-symmetric-10-12000-3-clustered-2.csv,944535.174489
clustered-coresets/Sensitivity-symmetric-10-12000-3-clustered-3.csv,945931.536428
clustered-coresets/Sensitivity-symmetric-10-12000-3-clustered-4.csv,947171.903161
clustered-coresets/Sensitivity-symmetric-10-12000-4-clustered-0.csv,945694.604652
clustered-coresets/Sensitivity-symmetric-10-12000-4-clustered-1.csv,945838.817362
clustered-coresets/Sensitivity-symmetric-10-12000-4-clustered-2.csv,943921.392212
clustered-coresets/Sensitivity-symmetric-10-12000-4-clustered-3.csv,943850.486996
clustered-coresets/Sensitivity-symmetric-10-12000-4-clustered-4.csv,945591.038983
clustered-coresets/Sensitivity-symmetric-10-12000-5-clustered-0.csv,944249.642047
clustered-coresets/Sensitivity-symmetric-10-12000-5-clustered-1.csv,943458.439532
clustered-coresets/Sensitivity-symmetric-10-12000-5-clustered-2.csv,943818.390287
clustered-coresets/Sensitivity-symmetric-10-12000-5-clustered-3.csv,943409.566284
clustered-coresets/Sensitivity-symmetric-10-12000-5-clustered-4.csv,943513.426107
clustered-coresets/Sensitivity-symmetric-10-240-1-clustered-0.csv,973010.460577
clustered-coresets/Sensitivity-symmetric-10-240-1-clustered-1.csv,973009.825022
clustered-coresets/Sensitivity-symmetric-10-240-1-clustered-2.csv,976593.616233
clustered-coresets/Sensitivity-symmetric-10-240-1-clustered-3.csv,976961.911520
clustered-coresets/Sensitivity-symmetric-10-240-1-clustered-4.csv,979720.151522
clustered-coresets/Sensitivity-symmetric-10-240-2-clustered-0.csv,981522.894247
clustered-coresets/Sensitivity-symmetric-10-240-2-clustered-1.csv,979563.766147
clustered-coresets/Sensitivity-symmetric-10-240-2-clustered-2.csv,976920.616258
clustered-coresets/Sensitivity-symmetric-10-240-2-clustered-3.csv,981239.124964
clustered-coresets/Sensitivity-symmetric-10-240-2-clustered-4.csv,976397.984825
clustered-coresets/Sensitivity-symmetric-10-240-3-clustered-0.csv,976967.306464
clustered-coresets/Sensitivity-symmetric-10-240-3-clustered-1.csv,968093.195138
clustered-coresets/Sensitivity-symmetric-10-240-3-clustered-2.csv,966110.487721
clustered-coresets/Sensitivity-symmetric-10-240-3-clustered-3.csv,970988.524759
clustered-coresets/Sensitivity-symmetric-10-240-3-clustered-4.csv,970919.235284
clustered-coresets/Sensitivity-symmetric-10-240-4-clustered-0.csv,979809.296624
clustered-coresets/Sensitivity-symmetric-10-240-4-clustered-1.csv,982933.139805
clustered-coresets/Sensitivity-symmetric-10-240-4-clustered-2.csv,971769.923349
clustered-coresets/Sensitivity-symmetric-10-240-4-clustered-3.csv,974313.437128
clustered-coresets/Sensitivity-symmetric-10-240-4-clustered-4.csv,973909.768855
clustered-coresets/Sensitivity-symmetric-10-240-5-clustered-0.csv,981469.153790
clustered-coresets/Sensitivity-symmetric-10-240-5-clustered-1.csv,984729.389656
clustered-coresets/Sensitivity-symmetric-10-240-5-clustered-2.csv,981605.969218
clustered-coresets/Sensitivity-symmetric-10-240-5-clustered-3.csv,986667.514831
clustered-coresets/Sensitivity-symmetric-10-240-5-clustered-4.csv,993767.202013
clustered-coresets/Sensitivity-symmetric-10-2400-1-clustered-0.csv,946073.955274
clustered-coresets/Sensitivity-symmetric-10-2400-1-clustered-1.csv,949210.597527
clustered-coresets/Sensitivity-symmetric-10-2400-1-clustered-2.csv,947646.659432
clustered-coresets/Sensitivity-symmetric-10-2400-1-clustered-3.csv,946291.612089
clustered-coresets/Sensitivity-symmetric-10-2400-1-clustered-4.csv,949844.407409
clustered-coresets/Sensitivity-symmetric-10-2400-2-clustered-0.csv,946545.408970
clustered-coresets/Sensitivity-symmetric-10-2400-2-clustered-1.csv,946086.131101
clustered-coresets/Sensitivity-symmetric-10-2400-2-clustered-2.csv,946076.420218
clustered-coresets/Sensitivity-symmetric-10-2400-2-clustered-3.csv,946856.251723
clustered-coresets/Sensitivity-symmetric-10-2400-2-clustered-4.csv,946468.344734
clustered-coresets/Sensitivity-symmetric-10-2400-3-clustered-0.csv,946676.719446
clustered-coresets/Sensitivity-symmetric-10-2400-3-clustered-1.csv,949102.125261
clustered-coresets/Sensitivity-symmetric-10-2400-3-clustered-2.csv,946436.280148
clustered-coresets/Sensitivity-symmetric-10-2400-3-clustered-3.csv,947480.349076
clustered-coresets/Sensitivity-symmetric-10-2400-3-clustered-4.csv,948250.220958
clustered-coresets/Sensitivity-symmetric-10-2400-4-clustered-0.csv,944869.253248
clustered-coresets/Sensitivity-symmetric-10-2400-4-clustered-1.csv,946622.180750
clustered-coresets/Sensitivity-symmetric-10-2400-4-clustered-2.csv,944519.213550
clustered-coresets/Sensitivity-symmetric-10-2400-4-clustered-3.csv,945167.760266
clustered-coresets/Sensitivity-symmetric-10-2400-4-clustered-4.csv,944806.032213
clustered-coresets/Sensitivity-symmetric-10-2400-5-clustered-0.csv,945306.311566
clustered-coresets/Sensitivity-symmetric-10-2400-5-clustered-1.csv,945222.352177
clustered-coresets/Sensitivity-symmetric-10-2400-5-clustered-2.csv,945306.204097
clustered-coresets/Sensitivity-symmetric-10-2400-5-clustered-3.csv,945265.924500
clustered-coresets/Sensitivity-symmetric-10-2400-5-clustered-4.csv,946648.335083
clustered-coresets/Sensitivity-symmetric-10-24000-1-clustered-0.csv,943042.360036
clustered-coresets/Sensitivity-symmetric-10-24000-1-clustered-1.csv,943530.064757
clustered-coresets/Sensitivity-symmetric-10-24000-1-clustered-2.csv,943302.778709
clustered-coresets/Sensitivity-symmetric-10-24000-1-clustered-3.csv,944190.811520
clustered-coresets/Sensitivity-symmetric-10-24000-1-clustered-4.csv,943748.821647
clustered-coresets/Sensitivity-symmetric-10-24000-2-clustered-0.csv,943428.562685
clustered-coresets/Sensitivity-symmetric-10-24000-2-clustered-1.csv,943310.473228
clustered-coresets/Sensitivity-symmetric-10-24000-2-clustered-2.csv,943268.291120
clustered-coresets/Sensitivity-symmetric-10-24000-2-clustered-3.csv,943621.216049
clustered-coresets/Sensitivity-symmetric-10-24000-2-clustered-4.csv,944311.760624
clustered-coresets/Sensitivity-symmetric-10-24000-3-clustered-0.csv,943075.602348
clustered-coresets/Sensitivity-symmetric-10-24000-3-clustered-1.csv,943552.395028
clustered-coresets/Sensitivity-symmetric-10-24000-3-clustered-2.csv,943513.184024
clustered-coresets/Sensitivity-symmetric-10-24000-3-clustered-3.csv,943634.622296
clustered-coresets/Sensitivity-symmetric-10-24000-3-clustered-4.csv,946354.401473
clustered-coresets/Sensitivity-symmetric-10-24000-4-clustered-0.csv,946929.674924
clustered-coresets/Sensitivity-symmetric-10-24000-4-clustered-1.csv,943575.277528
clustered-coresets/Sensitivity-symmetric-10-24000-4-clustered-2.csv,943164.954972
clustered-coresets/Sensitivity-symmetric-10-24000-4-clustered-3.csv,943759.483533
clustered-coresets/Sensitivity-symmetric-10-24000-4-clustered-4.csv,945401.190364
clustered-coresets/Sensitivity-symmetric-10-24000-5-clustered-0.csv,943281.156568
clustered-coresets/Sensitivity-symmetric-10-24000-5-clustered-1.csv,945123.814473
clustered-coresets/Sensitivity-symmetric-10-24000-5-clustered-2.csv,943924.955274
clustered-coresets/Sensitivity-symmetric-10-24000-5-clustered-3.csv,943460.470801
clustered-coresets/Sensitivity-symmetric-10-24000-5-clustered-4.csv,943416.863817
clustered-coresets/Sensitivity-symmetric-10-600-1-clustered-0.csv,960469.519888
clustered-coresets/Sensitivity-symmetric-10-600-1-clustered-1.csv,962346.368854
clustered-coresets/Sensitivity-symmetric-10-600-1-clustered-2.csv,959071.642241
clustered-coresets/Sensitivity-symmetric-10-600-1-clustered-3.csv,960364.578647
clustered-coresets/Sensitivity-symmetric-10-600-1-clustered-4.csv,961735.581675
clustered-coresets/Sensitivity-symmetric-10-600-2-clustered-0.csv,953257.735440
clustered-coresets/Sensitivity-symmetric-10-600-2-clustered-1.csv,954715.501309
clustered-coresets/Sensitivity-symmetric-10-600-2-clustered-2.csv,954575.181800
clustered-coresets/Sensitivity-symmetric-10-600-2-clustered-3.csv,956538.134986
clustered-coresets/Sensitivity-symmetric-10-600-2-clustered-4.csv,958918.148917
clustered-coresets/Sensitivity-symmetric-10-600-3-clustered-0.csv,954126.187912
clustered-coresets/Sensitivity-symmetric-10-600-3-clustered-1.csv,953820.775327
clustered-coresets/Sensitivity-symmetric-10-600-3-clustered-2.csv,958971.564752
clustered-coresets/Sensitivity-symmetric-10-600-3-clustered-3.csv,956224.385359
clustered-coresets/Sensitivity-symmetric-10-600-3-clustered-4.csv,963364.148086
clustered-coresets/Sensitivity-symmetric-10-600-4-clustered-0.csv,953409.254778
clustered-coresets/Sensitivity-symmetric-10-600-4-clustered-1.csv,960335.795659
clustered-coresets/Sensitivity-symmetric-10-600-4-clustered-2.csv,951675.616131
clustered-coresets/Sensitivity-symmetric-10-600-4-clustered-3.csv,951735.818097
clustered-coresets/Sensitivity-symmetric-10-600-4-clustered-4.csv,955942.553632
clustered-coresets/Sensitivity-symmetric-10-600-5-clustered-0.csv,968202.355321
clustered-coresets/Sensitivity-symmetric-10-600-5-clustered-1.csv,959119.158276
clustered-coresets/Sensitivity-symmetric-10-600-5-clustered-2.csv,956155.155084
clustered-coresets/Sensitivity-symmetric-10-600-5-clustered-3.csv,957913.334852
clustered-coresets/Sensitivity-symmetric-10-600-5-clustered-4.csv,967439.250180
clustered-coresets/Sensitivity-symmetric-10-6000-1-clustered-0.csv,944681.365019
clustered-coresets/Sensitivity-symmetric-10-6000-1-clustered-1.csv,944293.139477
clustered-coresets/Sensitivity-symmetric-10-6000-1-clustered-2.csv,949038.122478
clustered-coresets/Sensitivity-symmetric-10-6000-1-clustered-3.csv,943912.288893
clustered-coresets/Sensitivity-symmetric-10-6000-1-clustered-4.csv,944417.211336
clustered-coresets/Sensitivity-symmetric-10-6000-2-clustered-0.csv,943989.630433
clustered-coresets/Sensitivity-symmetric-10-6000-2-clustered-1.csv,943997.613920
clustered-coresets/Sensitivity-symmetric-10-6000-2-clustered-2.csv,944383.862773
clustered-coresets/Sensitivity-symmetric-10-6000-2-clustered-3.csv,945172.991926
clustered-coresets/Sensitivity-symmetric-10-6000-2-clustered-4.csv,946574.461301
clustered-coresets/Sensitivity-symmetric-10-6000-3-clustered-0.csv,945045.788289
clustered-coresets/Sensitivity-symmetric-10-6000-3-clustered-1.csv,945532.920129
clustered-coresets/Sensitivity-symmetric-10-6000-3-clustered-2.csv,943775.943891
clustered-coresets/Sensitivity-symmetric-10-6000-3-clustered-3.csv,946322.428846
clustered-coresets/Sensitivity-symmetric-10-6000-3-clustered-4.csv,945728.628490
clustered-coresets/Sensitivity-symmetric-10-6000-4-clustered-0.csv,944022.832961
clustered-coresets/Sensitivity-symmetric-10-6000-4-clustered-1.csv,943867.447734
clustered-coresets/Sensitivity-symmetric-10-6000-4-clustered-2.csv,946736.036306
clustered-coresets/Sensitivity-symmetric-10-6000-4-clustered-3.csv,943933.223414
clustered-coresets/Sensitivity-symmetric-10-6000-4-clustered-4.csv,945939.946162
clustered-coresets/Sensitivity-symmetric-10-6000-5-clustered-0.csv,944218.043239
clustered-coresets/Sensitivity-symmetric-10-6000-5-clustered-1.csv,944497.205192
clustered-coresets/Sensitivity-symmetric-10-6000-5-clustered-2.csv,944486.983030
clustered-coresets/Sensitivity-symmetric-10-6000-5-clustered-3.csv,944609.643384
clustered-coresets/Sensitivity-symmetric-10-6000-5-clustered-4.csv,945051.321859
clustered-coresets/Sensitivity-symmetric-100-1200-1-clustered-0.csv,414448.980230
clustered-coresets/Sensitivity-symmetric-100-1200-1-clustered-1.csv,412295.817906
clustered-coresets/Sensitivity-symmetric-100-1200-1-clustered-2.csv,415203.056930
clustered-coresets/Sensitivity-symmetric-100-1200-1-clustered-3.csv,417328.142546
clustered-coresets/Sensitivity-symmetric-100-1200-1-clustered-4.csv,416758.116043
clustered-coresets/Sensitivity-symmetric-100-1200-2-clustered-0.csv,421789.785219
clustered-coresets/Sensitivity-symmetric-100-1200-2-clustered-1.csv,426993.614184
clustered-coresets/Sensitivity-symmetric-100-1200-2-clustered-2.csv,418314.414004
clustered-coresets/Sensitivity-symmetric-100-1200-2-clustered-3.csv,423400.105619
clustered-coresets/Sensitivity-symmetric-100-1200-2-clustered-4.csv,420126.857069
clustered-coresets/Sensitivity-symmetric-100-1200-3-clustered-0.csv,418882.424040
clustered-coresets/Sensitivity-symmetric-100-1200-3-clustered-1.csv,415363.060948
clustered-coresets/Sensitivity-symmetric-100-1200-3-clustered-2.csv,417594.776974
clustered-coresets/Sensitivity-symmetric-100-1200-3-clustered-3.csv,411477.080453
clustered-coresets/Sensitivity-symmetric-100-1200-3-clustered-4.csv,417566.362856
clustered-coresets/Sensitivity-symmetric-100-1200-4-clustered-0.csv,422327.348685
clustered-coresets/Sensitivity-symmetric-100-1200-4-clustered-1.csv,420115.492071
clustered-coresets/Sensitivity-symmetric-100-1200-4-clustered-2.csv,416341.855566
clustered-coresets/Sensitivity-symmetric-100-1200-4-clustered-3.csv,423461.063910
clustered-coresets/Sensitivity-symmetric-100-1200-4-clustered-4.csv,419885.022794
clustered-coresets/Sensitivity-symmetric-100-1200-5-clustered-0.csv,411572.026113
clustered-coresets/Sensitivity-symmetric-100-1200-5-clustered-1.csv,417400.554259
clustered-coresets/Sensitivity-symmetric-100-1200-5-clustered-2.csv,415518.918391
clustered-coresets/Sensitivity-symmetric-100-1200-5-clustered-3.csv,417872.181600
clustered-coresets/Sensitivity-symmetric-100-1200-5-clustered-4.csv,418984.623428
clustered-coresets/Sensitivity-symmetric-100-12000-1-clustered-0.csv,389404.021347
clustered-coresets/Sensitivity-symmetric-100-12000-1-clustered-1.csv,388877.634076
clustered-coresets/Sensitivity-symmetric-100-12000-1-clustered-2.csv,390241.054082
clustered-coresets/Sensitivity-symmetric-100-12000-1-clustered-3.csv,391006.493048
clustered-coresets/Sensitivity-symmetric-100-12000-1-clustered-4.csv,389821.456870
clustered-coresets/Sensitivity-symmetric-100-12000-2-clustered-0.csv,393309.046659
clustered-coresets/Sensitivity-symmetric-100-12000-2-clustered-1.csv,393645.157035
clustered-coresets/Sensitivity-symmetric-100-12000-2-clustered-2.csv,388207.753752
clustered-coresets/Sensitivity-symmetric-100-12000-2-clustered-3.csv,388776.645094
clustered-coresets/Sensitivity-symmetric-100-12000-2-clustered-4.csv,394649.694193
clustered-coresets/Sensitivity-symmetric-100-12000-3-clustered-0.csv,393841.697435
clustered-coresets/Sensitivity-symmetric-100-12000-3-clustered-1.csv,390881.835412
clustered-coresets/Sensitivity-symmetric-100-12000-3-clustered-2.csv,390153.340971
clustered-coresets/Sensitivity-symmetric-100-12000-3-clustered-3.csv,392678.088311
clustered-coresets/Sensitivity-symmetric-100-12000-3-clustered-4.csv,391493.824977
clustered-coresets/Sensitivity-symmetric-100-12000-4-clustered-0.csv,387744.410112
clustered-coresets/Sensitivity-symmetric-100-12000-4-clustered-1.csv,394263.414695
clustered-coresets/Sensitivity-symmetric-100-12000-4-clustered-2.csv,395690.929825
clustered-coresets/Sensitivity-symmetric-100-12000-4-clustered-3.csv,394753.884705
clustered-coresets/Sensitivity-symmetric-100-12000-4-clustered-4.csv,393641.614303
clustered-coresets/Sensitivity-symmetric-100-12000-5-clustered-0.csv,394824.313763
clustered-coresets/Sensitivity-symmetric-100-12000-5-clustered-1.csv,389183.987531
clustered-coresets/Sensitivity-symmetric-100-12000-5-clustered-2.csv,391789.472880
clustered-coresets/Sensitivity-symmetric-100-12000-5-clustered-3.csv,392561.486803
clustered-coresets/Sensitivity-symmetric-100-12000-5-clustered-4.csv,388049.965495
clustered-coresets/Sensitivity-symmetric-100-240-1-clustered-0.csv,2686674.281033
clustered-coresets/Sensitivity-symmetric-100-240-1-clustered-1.csv,2684122.552486
clustered-coresets/Sensitivity-symmetric-100-240-1-clustered-2.csv,2682708.986929
clustered-coresets/Sensitivity-symmetric-100-240-1-clustered-3.csv,2693541.190656
clustered-coresets/Sensitivity-symmetric-100-240-1-clustered-4.csv,2685915.182074
clustered-coresets/Sensitivity-symmetric-100-240-2-clustered-0.csv,484198.866224
clustered-coresets/Sensitivity-symmetric-100-240-2-clustered-1.csv,484196.569692
clustered-coresets/Sensitivity-symmetric-100-240-2-clustered-2.csv,487055.828328
clustered-coresets/Sensitivity-symmetric-100-240-2-clustered-3.csv,481352.781766
clustered-coresets/Sensitivity-symmetric-100-240-2-clustered-4.csv,481304.154489
clustered-coresets/Sensitivity-symmetric-100-240-3-clustered-0.csv,503797.779727
clustered-coresets/Sensitivity-symmetric-100-240-3-clustered-1.csv,499041.942429
clustered-coresets/Sensitivity-symmetric-100-240-3-clustered-2.csv,502022.893618
clustered-coresets/Sensitivity-symmetric-100-240-3-clustered-3.csv,508478.204582
clustered-coresets/Sensitivity-symmetric-100-240-3-clustered-4.csv,499675.824376
clustered-coresets/Sensitivity-symmetric-100-240-4-clustered-0.csv,500131.351150
clustered-coresets/Sensitivity-symmetric-100-240-4-clustered-1.csv,500446.871372
clustered-coresets/Sensitivity-symmetric-100-240-4-clustered-2.csv,494950.791757
clustered-coresets/Sensitivity-symmetric-100-240-4-clustered-3.csv,509213.303289
clustered-coresets/Sensitivity-symmetric-100-240-4-clustered-4.csv,496766.039817
clustered-coresets/Sensitivity-symmetric-100-240-5-clustered-0.csv,2698759.306162
clustered-coresets/Sensitivity-symmetric-100-240-5-clustered-1.csv,2692394.717325
clustered-coresets/Sensitivity-symmetric-100-240-5-clustered-2.csv,2688948.519710
clustered-coresets/Sensitivity-symmetric-100-240-5-clustered-3.csv,2691339.673967
clustered-coresets/Sensitivity-symmetric-100-240-5-clustered-4.csv,2694932.982867
clustered-coresets/Sensitivity-symmetric-100-2400-1-clustered-0.csv,404619.652051
clustered-coresets/Sensitivity-symmetric-100-2400-1-clustered-1.csv,400636.365448
clustered-coresets/Sensitivity-symmetric-100-2400-1-clustered-2.csv,406217.684589
clustered-coresets/Sensitivity-symmetric-100-2400-1-clustered-3.csv,404315.217006
clustered-coresets/Sensitivity-symmetric-100-2400-1-clustered-4.csv,402821.164489
clustered-coresets/Sensitivity-symmetric-100-2400-2-clustered-0.csv,400827.115333
clustered-coresets/Sensitivity-symmetric-100-2400-2-clustered-1.csv,402368.658234
clustered-coresets/Sensitivity-symmetric-100-2400-2-clustered-2.csv,399512.287157
clustered-coresets/Sensitivity-symmetric-100-2400-2-clustered-3.csv,402664.757216
clustered-coresets/Sensitivity-symmetric-100-2400-2-clustered-4.csv,401574.518621
clustered-coresets/Sensitivity-symmetric-100-2400-3-clustered-0.csv,409145.761087
clustered-coresets/Sensitivity-symmetric-100-2400-3-clustered-1.csv,404635.744499
clustered-coresets/Sensitivity-symmetric-100-2400-3-clustered-2.csv,403635.857316
clustered-coresets/Sensitivity-symmetric-100-2400-3-clustered-3.csv,405454.009215
clustered-coresets/Sensitivity-symmetric-100-2400-3-clustered-4.csv,406831.443114
clustered-coresets/Sensitivity-symmetric-100-2400-4-clustered-0.csv,405128.348132
clustered-coresets/Sensitivity-symmetric-100-2400-4-clustered-1.csv,400615.982564
clustered-coresets/Sensitivity-symmetric-100-2400-4-clustered-2.csv,400619.877013
clustered-coresets/Sensitivity-symmetric-100-2400-4-clustered-3.csv,405312.759631
clustered-coresets/Sensitivity-symmetric-100-2400-4-clustered-4.csv,404873.233188
clustered-coresets/Sensitivity-symmetric-100-2400-5-clustered-0.csv,406246.888780
clustered-coresets/Sensitivity-symmetric-100-2400-5-clustered-1.csv,399715.011193
clustered-coresets/Sensitivity-symmetric-100-2400-5-clustered-2.csv,403982.462740
clustered-coresets/Sensitivity-symmetric-100-2400-5-clustered-3.csv,400601.477343
clustered-coresets/Sensitivity-symmetric-100-2400-5-clustered-4.csv,402942.924690
clustered-coresets/Sensitivity-symmetric-100-24000-1-clustered-0.csv,388736.284589
clustered-coresets/Sensitivity-symmetric-100-24000-1-clustered-1.csv,387824.655514
clustered-coresets/Sensitivity-symmetric-100-24000-1-clustered-2.csv,392556.054003
clustered-coresets/Sensitivity-symmetric-100-24000-1-clustered-3.csv,388836.832350
clustered-coresets/Sensitivity-symmetric-100-24000-1-clustered-4.csv,389085.339243
clustered-coresets/Sensitivity-symmetric-100-24000-2-clustered-0.csv,389427.932403
clustered-coresets/Sensitivity-symmetric-100-24000-2-clustered-1.csv,389280.586924
clustered-coresets/Sensitivity-symmetric-100-24000-2-clustered-2.csv,386530.818633
clustered-coresets/Sensitivity-symmetric-100-24000-2-clustered-3.csv,390009.527895
clustered-coresets/Sensitivity-symmetric-100-24000-2-clustered-4.csv,390775.870685
clustered-coresets/Sensitivity-symmetric-100-24000-3-clustered-0.csv,391221.901375
clustered-coresets/Sensitivity-symmetric-100-24000-3-clustered-1.csv,389074.880895
clustered-coresets/Sensitivity-symmetric-100-24000-3-clustered-2.csv,389939.258507
clustered-coresets/Sensitivity-symmetric-100-24000-3-clustered-3.csv,393081.580466
clustered-coresets/Sensitivity-symmetric-100-24000-3-clustered-4.csv,390261.213637
clustered-coresets/Sensitivity-symmetric-100-24000-4-clustered-0.csv,386297.766503
clustered-coresets/Sensitivity-symmetric-100-24000-4-clustered-1.csv,390400.825712
clustered-coresets/Sensitivity-symmetric-100-24000-4-clustered-2.csv,386923.523772
clustered-coresets/Sensitivity-symmetric-100-24000-4-clustered-3.csv,392929.454508
clustered-coresets/Sensitivity-symmetric-100-24000-4-clustered-4.csv,391012.157652
clustered-coresets/Sensitivity-symmetric-100-24000-5-clustered-0.csv,389541.181274
clustered-coresets/Sensitivity-symmetric-100-24000-5-clustered-1.csv,387666.089374
clustered-coresets/Sensitivity-symmetric-100-24000-5-clustered-2.csv,387579.846595
clustered-coresets/Sensitivity-symmetric-100-24000-5-clustered-3.csv,389366.588676
clustered-coresets/Sensitivity-symmetric-100-24000-5-clustered-4.csv,389345.600328
clustered-coresets/Sensitivity-symmetric-100-600-1-clustered-0.csv,446493.912078
clustered-coresets/Sensitivity-symmetric-100-600-1-clustered-1.csv,450924.644392
clustered-coresets/Sensitivity-symmetric-100-600-1-clustered-2.csv,452578.313347
clustered-coresets/Sensitivity-symmetric-100-600-1-clustered-3.csv,451993.163495
clustered-coresets/Sensitivity-symmetric-100-600-1-clustered-4.csv,449928.741317
clustered-coresets/Sensitivity-symmetric-100-600-2-clustered-0.csv,444820.403631
clustered-coresets/Sensitivity-symmetric-100-600-2-clustered-1.csv,447108.423573
clustered-coresets/Sensitivity-symmetric-100-600-2-clustered-2.csv,444768.736106
clustered-coresets/Sensitivity-symmetric-100-600-2-clustered-3.csv,438818.037635
clustered-coresets/Sensitivity-symmetric-100-600-2-clustered-4.csv,436406.244952
clustered-coresets/Sensitivity-symmetric-100-600-3-clustered-0.csv,429117.942826
clustered-coresets/Sensitivity-symmetric-100-600-3-clustered-1.csv,441245.701819
clustered-coresets/Sensitivity-symmetric-100-600-3-clustered-2.csv,444410.284849
clustered-coresets/Sensitivity-symmetric-100-600-3-clustered-3.csv,439322.340534
clustered-coresets/Sensitivity-symmetric-100-600-3-clustered-4.csv,432372.218972
clustered-coresets/Sensitivity-symmetric-100-600-4-clustered-0.csv,445870.197633
clustered-coresets/Sensitivity-symmetric-100-600-4-clustered-1.csv,448669.835711
clustered-coresets/Sensitivity-symmetric-100-600-4-clustered-2.csv,445583.199563
clustered-coresets/Sensitivity-symmetric-100-600-4-clustered-3.csv,442143.821894
clustered-coresets/Sensitivity-symmetric-100-600-4-clustered-4.csv,443392.226518
clustered-coresets/Sensitivity-symmetric-100-600-5-clustered-0.csv,438736.493946
clustered-coresets/Sensitivity-symmetric-100-600-5-clustered-1.csv,436457.396981
clustered-coresets/Sensitivity-symmetric-100-600-5-clustered-2.csv,435771.903414
clustered-coresets/Sensitivity-symmetric-100-600-5-clustered-3.csv,432894.659867
clustered-coresets/Sensitivity-symmetric-100-600-5-clustered-4.csv,434035.392827
clustered-coresets/Sensitivity-symmetric-100-6000-1-clustered-0.csv,396021.597288
clustered-coresets/Sensitivity-symmetric-100-6000-1-clustered-1.csv,397116.806067
clustered-coresets/Sensitivity-symmetric-100-6000-1-clustered-2.csv,394043.171648
clustered-coresets/Sensitivity-symmetric-100-6000-1-clustered-3.csv,394863.260367
clustered-coresets/Sensitivity-symmetric-100-6000-1-clustered-4.csv,391134.141869
clustered-coresets/Sensitivity-symmetric-100-6000-2-clustered-0.csv,394760.801873
clustered-coresets/Sensitivity-symmetric-100-6000-2-clustered-1.csv,396726.482034
clustered-coresets/Sensitivity-symmetric-100-6000-2-clustered-2.csv,398459.272761
clustered-coresets/Sensitivity-symmetric-100-6000-2-clustered-3.csv,393291.656644
clustered-coresets/Sensitivity-symmetric-100-6000-2-clustered-4.csv,394709.252487
clustered-coresets/Sensitivity-symmetric-100-6000-3-clustered-0.csv,395686.451165
clustered-coresets/Sensitivity-symmetric-100-6000-3-clustered-1.csv,396792.052754
clustered-coresets/Sensitivity-symmetric-100-6000-3-clustered-2.csv,399438.779117
clustered-coresets/Sensitivity-symmetric-100-6000-3-clustered-3.csv,395876.851876
clustered-coresets/Sensitivity-symmetric-100-6000-3-clustered-4.csv,394831.979185
clustered-coresets/Sensitivity-symmetric-100-6000-4-clustered-0.csv,393327.755183
clustered-coresets/Sensitivity-symmetric-100-6000-4-clustered-1.csv,395708.673333
clustered-coresets/Sensitivity-symmetric-100-6000-4-clustered-2.csv,394531.257419
clustered-coresets/Sensitivity-symmetric-100-6000-4-clustered-3.csv,394875.093125
clustered-coresets/Sensitivity-symmetric-100-6000-4-clustered-4.csv,397016.403603
clustered-coresets/Sensitivity-symmetric-100-6000-5-clustered-0.csv,396811.122579
clustered-coresets/Sensitivity-symmetric-100-6000-5-clustered-1.csv,390165.662830
clustered-coresets/Sensitivity-symmetric-100-6000-5-clustered-2.csv,390859.814378
clustered-coresets/Sensitivity-symmetric-100-6000-5-clustered-3.csv,391715.084275
clustered-coresets/Sensitivity-symmetric-100-6000-5-clustered-4.csv,393694.156383
clustered-coresets/Sensitivity-symmetric-1000-1200-1-clustered-0.csv,166637.098710
clustered-coresets/Sensitivity-symmetric-1000-1200-1-clustered-1.csv,166654.321816
clustered-coresets/Sensitivity-symmetric-1000-1200-1-clustered-2.csv,166976.353861
clustered-coresets/Sensitivity-symmetric-1000-1200-1-clustered-3.csv,166815.086745
clustered-coresets/Sensitivity-symmetric-1000-1200-1-clustered-4.csv,166882.294175
clustered-coresets/Sensitivity-symmetric-1000-1200-2-clustered-0.csv,166062.833768
clustered-coresets/Sensitivity-symmetric-1000-1200-2-clustered-1.csv,165930.062671
clustered-coresets/Sensitivity-symmetric-1000-1200-2-clustered-2.csv,166067.526533
clustered-coresets/Sensitivity-symmetric-1000-1200-2-clustered-3.csv,166029.804177
clustered-coresets/Sensitivity-symmetric-1000-1200-2-clustered-4.csv,166429.464832
clustered-coresets/Sensitivity-symmetric-1000-1200-3-clustered-0.csv,2364634.976273
clustered-coresets/Sensitivity-symmetric-1000-1200-3-clustered-1.csv,2364433.470709
clustered-coresets/Sensitivity-symmetric-1000-1200-3-clustered-2.csv,2364337.151217
clustered-coresets/Sensitivity-symmetric-1000-1200-3-clustered-3.csv,2364486.571491
clustered-coresets/Sensitivity-symmetric-1000-1200-3-clustered-4.csv,2364645.922153
clustered-coresets/Sensitivity-symmetric-1000-1200-4-clustered-0.csv,2366762.384837
clustered-coresets/Sensitivity-symmetric-1000-1200-4-clustered-1.csv,2366474.139801
clustered-coresets/Sensitivity-symmetric-1000-1200-4-clustered-2.csv,2366222.336481
clustered-coresets/Sensitivity-symmetric-1000-1200-4-clustered-3.csv,2366310.863295
clustered-coresets/Sensitivity-symmetric-1000-1200-4-clustered-4.csv,2366677.440813
clustered-coresets/Sensitivity-symmetric-1000-1200-5-clustered-0.csv,2362059.724273
clustered-coresets/Sensitivity-symmetric-1000-1200-5-clustered-1.csv,2362091.683574
clustered-coresets/Sensitivity-symmetric-1000-1200-5-clustered-2.csv,2362470.137456
clustered-coresets/Sensitivity-symmetric-1000-1200-5-clustered-3.csv,2362096.716249
clustered-coresets/Sensitivity-symmetric-1000-1200-5-clustered-4.csv,2362417.513972
clustered-coresets/Sensitivity-symmetric-1000-12000-1-clustered-0.csv,147063.916757
clustered-coresets/Sensitivity-symmetric-1000-12000-1-clustered-1.csv,146330.153032
clustered-coresets/Sensitivity-symmetric-1000-12000-1-clustered-2.csv,147130.515742
clustered-coresets/Sensitivity-symmetric-1000-12000-1-clustered-3.csv,146409.767873
clustered-coresets/Sensitivity-symmetric-1000-12000-1-clustered-4.csv,147097.444795
clustered-coresets/Sensitivity-symmetric-1000-12000-2-clustered-0.csv,146299.232280
clustered-coresets/Sensitivity-symmetric-1000-12000-2-clustered-1.csv,146515.652042
clustered-coresets/Sensitivity-symmetric-1000-12000-2-clustered-2.csv,147069.220549
clustered-coresets/Sensitivity-symmetric-1000-12000-2-clustered-3.csv,146673.079873
clustered-coresets/Sensitivity-symmetric-1000-12000-2-clustered-4.csv,146809.000856
clustered-coresets/Sensitivity-symmetric-1000-12000-3-clustered-0.csv,146053.733029
clustered-coresets/Sensitivity-symmetric-1000-12000-3-clustered-1.csv,145546.891218
clustered-coresets/Sensitivity-symmetric-1000-12000-3-clustered-2.csv,146031.930057
clustered-coresets/Sensitivity-symmetric-1000-12000-3-clustered-3.csv,146105.188111
clustered-coresets/Sensitivity-symmetric-1000-12000-3-clustered-4.csv,146078.228225
clustered-coresets/Sensitivity-symmetric-1000-12000-4-clustered-0.csv,145911.149617
clustered-coresets/Sensitivity-symmetric-1000-12000-4-clustered-1.csv,145885.481854
clustered-coresets/Sensitivity-symmetric-1000-12000-4-clustered-2.csv,146662.005253
clustered-coresets/Sensitivity-symmetric-1000-12000-4-clustered-3.csv,146028.708722
clustered-coresets/Sensitivity-symmetric-1000-12000-4-clustered-4.csv,146340.201556
clustered-coresets/Sensitivity-symmetric-1000-12000-5-clustered-0.csv,146703.618537
clustered-coresets/Sensitivity-symmetric-1000-12000-5-clustered-1.csv,146736.317912
clustered-coresets/Sensitivity-symmetric-1000-12000-5-clustered-2.csv,146897.932991
clustered-coresets/Sensitivity-symmetric-1000-12000-5-clustered-3.csv,146860.209844
clustered-coresets/Sensitivity-symmetric-1000-12000-5-clustered-4.csv,146713.764366
clustered-coresets/Sensitivity-symmetric-1000-2400-1-clustered-0.csv,166959.830937
clustered-coresets/Sensitivity-symmetric-1000-2400-1-clustered-1.csv,167320.629368
clustered-coresets/Sensitivity-symmetric-1000-2400-1-clustered-2.csv,167483.296280
clustered-coresets/Sensitivity-symmetric-1000-2400-1-clustered-3.csv,167212.354449
clustered-coresets/Sensitivity-symmetric-1000-2400-1-clustered-4.csv,167689.628253
clustered-coresets/Sensitivity-symmetric-1000-2400-2-clustered-0.csv,164051.159997
clustered-coresets/Sensitivity-symmetric-1000-2400-2-clustered-1.csv,165623.712316
clustered-coresets/Sensitivity-symmetric-1000-2400-2-clustered-2.csv,163887.029023
clustered-coresets/Sensitivity-symmetric-1000-2400-2-clustered-3.csv,164682.929130
clustered-coresets/Sensitivity-symmetric-1000-2400-2-clustered-4.csv,165635.144833
clustered-coresets/Sensitivity-symmetric-1000-2400-3-clustered-0.csv,166614.743764
clustered-coresets/Sensitivity-symmetric-1000-2400-3-clustered-1.csv,166005.532035
clustered-coresets/Sensitivity-symmetric-1000-2400-3-clustered-2.csv,166798.460353
clustered-coresets/Sensitivity-symmetric-1000-2400-3-clustered-3.csv,166744.645593
clustered-coresets/Sensitivity-symmetric-1000-2400-3-clustered-4.csv,166982.979318
clustered-coresets/Sensitivity-symmetric-1000-2400-4-clustered-0.csv,165946.331167
clustered-coresets/Sensitivity-symmetric-1000-2400-4-clustered-1.csv,166011.964357
clustered-coresets/Sensitivity-symmetric-1000-2400-4-clustered-2.csv,165461.658698
clustered-coresets/Sensitivity-symmetric-1000-2400-4-clustered-3.csv,164406.916267
clustered-coresets/Sensitivity-symmetric-1000-2400-4-clustered-4.csv,166126.647426
clustered-coresets/Sensitivity-symmetric-1000-2400-5-clustered-0.csv,165001.213037
clustered-coresets/Sensitivity-symmetric-1000-2400-5-clustered-1.csv,165520.319992
clustered-coresets/Sensitivity-symmetric-1000-2400-5-clustered-2.csv,164874.113458
clustered-coresets/Sensitivity-symmetric-1000-2400-5-clustered-3.csv,164857.169191
clustered-coresets/Sensitivity-symmetric-1000-2400-5-clustered-4.csv,164536.969885
clustered-coresets/Sensitivity-symmetric-1000-24000-1-clustered-0.csv,140444.020243
clustered-coresets/Sensitivity-symmetric-1000-24000-1-clustered-1.csv,140175.662794
clustered-coresets/Sensitivity-symmetric-1000-24000-1-clustered-2.csv,140463.303603
clustered-coresets/Sensitivity-symmetric-1000-24000-1-clustered-3.csv,140113.125982
clustered-coresets/Sensitivity-symmetric-1000-24000-1-clustered-4.csv,140268.857972
clustered-coresets/Sensitivity-symmetric-1000-24000-2-clustered-0.csv,141016.943669
clustered-coresets/Sensitivity-symmetric-1000-24000-2-clustered-1.csv,140835.385786
clustered-coresets/Sensitivity-symmetric-1000-24000-2-clustered-2.csv,140503.464070
clustered-coresets/Sensitivity-symmetric-1000-24000-2-clustered-3.csv,140351.410188
clustered-coresets/Sensitivity-symmetric-1000-24000-2-clustered-4.csv,140736.896415
clustered-coresets/Sensitivity-symmetric-1000-24000-3-clustered-0.csv,140608.250179
clustered-coresets/Sensitivity-symmetric-1000-24000-3-clustered-1.csv,140796.518676
clustered-coresets/Sensitivity-symmetric-1000-24000-3-clustered-2.csv,140953.751160
clustered-coresets/Sensitivity-symmetric-1000-24000-3-clustered-3.csv,140467.058540
clustered-coresets/Sensitivity-symmetric-1000-24000-3-clustered-4.csv,140378.659286
clustered-coresets/Sensitivity-symmetric-1000-24000-4-clustered-0.csv,140622.871847
clustered-coresets/Sensitivity-symmetric-1000-24000-4-clustered-1.csv,140637.972116
clustered-coresets/Sensitivity-symmetric-1000-24000-4-clustered-2.csv,140355.091833
clustered-coresets/Sensitivity-symmetric-1000-24000-4-clustered-3.csv,140771.929907
clustered-coresets/Sensitivity-symmetric-1000-24000-4-clustered-4.csv,140527.515348
clustered-coresets/Sensitivity-symmetric-1000-24000-5-clustered-0.csv,141010.949647
clustered-coresets/Sensitivity-symmetric-1000-24000-5-clustered-1.csv,141075.212275
clustered-coresets/Sensitivity-symmetric-1000-24000-5-clustered-2.csv,140817.710577
clustered-coresets/Sensitivity-symmetric-1000-24000-5-clustered-3.csv,140773.934390
clustered-coresets/Sensitivity-symmetric-1000-24000-5-clustered-4.csv,141109.800636
clustered-coresets/Sensitivity-symmetric-1000-6000-1-clustered-0.csv,153972.127574
clustered-coresets/Sensitivity-symmetric-1000-6000-1-clustered-1.csv,154620.706920
clustered-coresets/Sensitivity-symmetric-1000-6000-1-clustered-2.csv,153003.043969
clustered-coresets/Sensitivity-symmetric-1000-6000-1-clustered-3.csv,154324.742955
clustered-coresets/Sensitivity-symmetric-1000-6000-1-clustered-4.csv,153523.111042
clustered-coresets/Sensitivity-symmetric-1000-6000-2-clustered-0.csv,153544.274685
clustered-coresets/Sensitivity-symmetric-1000-6000-2-clustered-1.csv,153957.436508
clustered-coresets/Sensitivity-symmetric-1000-6000-2-clustered-2.csv,153834.675368
clustered-coresets/Sensitivity-symmetric-1000-6000-2-clustered-3.csv,153673.722978
clustered-coresets/Sensitivity-symmetric-1000-6000-2-clustered-4.csv,153224.217157
clustered-coresets/Sensitivity-symmetric-1000-6000-3-clustered-0.csv,153378.008166
clustered-coresets/Sensitivity-symmetric-1000-6000-3-clustered-1.csv,153706.643214
clustered-coresets/Sensitivity-symmetric-1000-6000-3-clustered-2.csv,154180.023520
clustered-coresets/Sensitivity-symmetric-1000-6000-3-clustered-3.csv,152830.949090
clustered-coresets/Sensitivity-symmetric-1000-6000-3-clustered-4.csv,153815.257471
clustered-coresets/Sensitivity-symmetric-1000-6000-4-clustered-0.csv,155000.758598
clustered-coresets/Sensitivity-symmetric-1000-6000-4-clustered-1.csv,154681.077580
clustered-coresets/Sensitivity-symmetric-1000-6000-4-clustered-2.csv,155446.098933
clustered-coresets/Sensitivity-symmetric-1000-6000-4-clustered-3.csv,154265.922769
clustered-coresets/Sensitivity-symmetric-1000-6000-4-clustered-4.csv,155024.156168
clustered-coresets/Sensitivity-symmetric-1000-6000-5-clustered-0.csv,153554.156399
clustered-coresets/Sensitivity-symmetric-1000-6000-5-clustered-1.csv,153520.418560
clustered-coresets/Sensitivity-symmetric-1000-6000-5-clustered-2.csv,154452.602189
clustered-coresets/Sensitivity-symmetric-1000-6000-5-clustered-3.csv,154489.862932
clustered-coresets/Sensitivity-symmetric-1000-6000-5-clustered-4.csv,154384.782128
clustered-coresets/Lightweight-symmetric-10-1200-1-clustered-0.csv,3149432.627934
clustered-coresets/Lightweight-symmetric-10-1200-1-clustered-1.csv,3148246.774157
clustered-coresets/Lightweight-symmetric-10-1200-1-clustered-2.csv,3143648.126129
clustered-coresets/Lightweight-symmetric-10-1200-1-clustered-3.csv,3145416.072399
clustered-coresets/Lightweight-symmetric-10-1200-1-clustered-4.csv,3145568.330924
clustered-coresets/Lightweight-symmetric-10-1200-2-clustered-0.csv,3144994.586848
clustered-coresets/Lightweight-symmetric-10-1200-2-clustered-1.csv,3146402.736828
clustered-coresets/Lightweight-symmetric-10-1200-2-clustered-2.csv,3146922.727853
clustered-coresets/Lightweight-symmetric-10-1200-2-clustered-3.csv,3150612.339720
clustered-coresets/Lightweight-symmetric-10-1200-2-clustered-4.csv,3143965.378420
clustered-coresets/Lightweight-symmetric-10-1200-3-clustered-0.csv,3152969.791154
clustered-coresets/Lightweight-symmetric-10-1200-3-clustered-1.csv,3147463.477013
clustered-coresets/Lightweight-symmetric-10-1200-3-clustered-2.csv,3149089.585629
clustered-coresets/Lightweight-symmetric-10-1200-3-clustered-3.csv,3145953.232612
clustered-coresets/Lightweight-symmetric-10-1200-3-clustered-4.csv,3152309.684965
clustered-coresets/Lightweight-symmetric-10-1200-4-clustered-0.csv,3145398.312423
clustered-coresets/Lightweight-symmetric-10-1200-4-clustered-1.csv,3144110.187166
clustered-coresets/Lightweight-symmetric-10-1200-4-clustered-2.csv,3145030.645964
clustered-coresets/Lightweight-symmetric-10-1200-4-clustered-3.csv,3147072.557761
clustered-coresets/Lightweight-symmetric-10-1200-4-clustered-4.csv,3150339.551125
clustered-coresets/Lightweight-symmetric-10-1200-5-clustered-0.csv,3146505.805252
clustered-coresets/Lightweight-symmetric-10-1200-5-clustered-1.csv,3143270.074622
clustered-coresets/Lightweight-symmetric-10-1200-5-clustered-2.csv,3142401.925311
clustered-coresets/Lightweight-symmetric-10-1200-5-clustered-3.csv,3146587.287727
clustered-coresets/Lightweight-symmetric-10-1200-5-clustered-4.csv,3142070.165854
clustered-coresets/Lightweight-symmetric-10-12000-1-clustered-0.csv,946051.198891
clustered-coresets/Lightweight-symmetric-10-12000-1-clustered-1.csv,943590.420025
clustered-coresets/Lightweight-symmetric-10-12000-1-clustered-2.csv,943930.126905
clustered-coresets/Lightweight-symmetric-10-12000-1-clustered-3.csv,943735.048349
clustered-coresets/Lightweight-symmetric-10-12000-1-clustered-4.csv,943910.717439
clustered-coresets/Lightweight-symmetric-10-12000-2-clustered-0.csv,3143709.640372
clustered-coresets/Lightweight-symmetric-10-12000-2-clustered-1.csv,3141383.686052
clustered-coresets/Lightweight-symmetric-10-12000-2-clustered-2.csv,3143356.573169
clustered-coresets/Lightweight-symmetric-10-12000-2-clustered-3.csv,3142688.936024
clustered-coresets/Lightweight-symmetric-10-12000-2-clustered-4.csv,3143311.078796
clustered-coresets/Lightweight-symmetric-10-12000-3-clustered-0.csv,3140468.756325
clustered-coresets/Lightweight-symmetric-10-12000-3-clustered-1.csv,3139755.253608
clustered-coresets/Lightweight-symmetric-10-12000-3-clustered-2.csv,3140720.809258
clustered-coresets/Lightweight-symmetric-10-12000-3-clustered-3.csv,3141694.984357
clustered-coresets/Lightweight-symmetric-10-12000-3-clustered-4.csv,3141688.246249
clustered-coresets/Lightweight-symmetric-10-12000-4-clustered-0.csv,3137168.906318
clustered-coresets/Lightweight-symmetric-10-12000-4-clustered-1.csv,3140626.740445
clustered-coresets/Lightweight-symmetric-10-12000-4-clustered-2.csv,3139547.918806
clustered-coresets/Lightweight-symmetric-10-12000-4-clustered-3.csv,3138143.842433
clustered-coresets/Lightweight-symmetric-10-12000-4-clustered-4.csv,3139588.277437
clustered-coresets/Lightweight-symmetric-10-12000-5-clustered-0.csv,943588.019875
clustered-coresets/Lightweight-symmetric-10-12000-5-clustered-1.csv,944036.396124
clustered-coresets/Lightweight-symmetric-10-12000-5-clustered-2.csv,943582.259091
clustered-coresets/Lightweight-symmetric-10-12000-5-clustered-3.csv,943954.537749
clustered-coresets/Lightweight-symmetric-10-12000-5-clustered-4.csv,945187.021005
clustered-coresets/Lightweight-symmetric-10-240-1-clustered-0.csv,3177784.255999
clustered-coresets/Lightweight-symmetric-10-240-1-clustered-1.csv,3185261.688702
clustered-coresets/Lightweight-symmetric-10-240-1-clustered-2.csv,3177353.542440
clustered-coresets/Lightweight-symmetric-10-240-1-clustered-3.csv,3182932.047205
clustered-coresets/Lightweight-symmetric-10-240-1-clustered-4.csv,3191417.291847
clustered-coresets/Lightweight-symmetric-10-240-2-clustered-0.csv,3175397.703245
clustered-coresets/Lightweight-symmetric-10-240-2-clustered-1.csv,3176540.394045
clustered-coresets/Lightweight-symmetric-10-240-2-clustered-2.csv,3179496.825447
clustered-coresets/Lightweight-symmetric-10-240-2-clustered-3.csv,3174731.588895
clustered-coresets/Lightweight-symmetric-10-240-2-clustered-4.csv,3189395.228341
clustered-coresets/Lightweight-symmetric-10-240-3-clustered-0.csv,3173339.405451
clustered-coresets/Lightweight-symmetric-10-240-3-clustered-1.csv,3165880.460523
clustered-coresets/Lightweight-symmetric-10-240-3-clustered-2.csv,3172189.038398
clustered-coresets/Lightweight-symmetric-10-240-3-clustered-3.csv,3164644.864187
clustered-coresets/Lightweight-symmetric-10-240-3-clustered-4.csv,3167861.649148
clustered-coresets/Lightweight-symmetric-10-240-4-clustered-0.csv,3173530.213818
clustered-coresets/Lightweight-symmetric-10-240-4-clustered-1.csv,3172846.403819
clustered-coresets/Lightweight-symmetric-10-240-4-clustered-2.csv,3177789.994499
clustered-coresets/Lightweight-symmetric-10-240-4-clustered-3.csv,3178625.279372
clustered-coresets/Lightweight-symmetric-10-240-4-clustered-4.csv,3167038.005088
clustered-coresets/Lightweight-symmetric-10-240-5-clustered-0.csv,3169551.185479
clustered-coresets/Lightweight-symmetric-10-240-5-clustered-1.csv,3165616.134828
clustered-coresets/Lightweight-symmetric-10-240-5-clustered-2.csv,3162100.775772
clustered-coresets/Lightweight-symmetric-10-240-5-clustered-3.csv,3163271.265070
clustered-coresets/Lightweight-symmetric-10-240-5-clustered-4.csv,3182803.358728
clustered-coresets/Lightweight-symmetric-10-2400-1-clustered-0.csv,3150307.754195
clustered-coresets/Lightweight-symmetric-10-2400-1-clustered-1.csv,3142299.855073
clustered-coresets/Lightweight-symmetric-10-2400-1-clustered-2.csv,3142391.897241
clustered-coresets/Lightweight-symmetric-10-2400-1-clustered-3.csv,3144327.065155
clustered-coresets/Lightweight-symmetric-10-2400-1-clustered-4.csv,3142878.707015
clustered-coresets/Lightweight-symmetric-10-2400-2-clustered-0.csv,3149416.058910
clustered-coresets/Lightweight-symmetric-10-2400-2-clustered-1.csv,3144106.684016
clustered-coresets/Lightweight-symmetric-10-2400-2-clustered-2.csv,3141588.244270
clustered-coresets/Lightweight-symmetric-10-2400-2-clustered-3.csv,3142868.631080
clustered-coresets/Lightweight-symmetric-10-2400-2-clustered-4.csv,3140871.113347
clustered-coresets/Lightweight-symmetric-10-2400-3-clustered-0.csv,3148175.700279
clustered-coresets/Lightweight-symmetric-10-2400-3-clustered-1.csv,3144193.277437
clustered-coresets/Lightweight-symmetric-10-2400-3-clustered-2.csv,3144090.056079
clustered-coresets/Lightweight-symmetric-10-2400-3-clustered-3.csv,3143013.649964
clustered-coresets/Lightweight-symmetric-10-2400-3-clustered-4.csv,3145406.772758
clustered-coresets/Lightweight-symmetric-10-2400-4-clustered-0.csv,3142490.145747
clustered-coresets/Lightweight-symmetric-10-2400-4-clustered-1.csv,3142816.052918
clustered-coresets/Lightweight-symmetric-10-2400-4-clustered-2.csv,3141792.352729
clustered-coresets/Lightweight-symmetric-10-2400-4-clustered-3.csv,3146434.032835
clustered-coresets/Lightweight-symmetric-10-2400-4-clustered-4.csv,3145029.588367
clustered-coresets/Lightweight-symmetric-10-2400-5-clustered-0.csv,3140290.306875
clustered-coresets/Lightweight-symmetric-10-2400-5-clustered-1.csv,3141394.064319
clustered-coresets/Lightweight-symmetric-10-2400-5-clustered-2.csv,3140751.351761
clustered-coresets/Lightweight-symmetric-10-2400-5-clustered-3.csv,3141254.883604
clustered-coresets/Lightweight-symmetric-10-2400-5-clustered-4.csv,3141134.359851
clustered-coresets/Lightweight-symmetric-10-24000-1-clustered-0.csv,944011.100373
clustered-coresets/Lightweight-symmetric-10-24000-1-clustered-1.csv,946193.840830
clustered-coresets/Lightweight-symmetric-10-24000-1-clustered-2.csv,946552.626985
clustered-coresets/Lightweight-symmetric-10-24000-1-clustered-3.csv,945030.074958
clustered-coresets/Lightweight-symmetric-10-24000-1-clustered-4.csv,943043.053382
clustered-coresets/Lightweight-symmetric-10-24000-2-clustered-0.csv,3138184.250387
clustered-coresets/Lightweight-symmetric-10-24000-2-clustered-1.csv,3142626.062625
clustered-coresets/Lightweight-symmetric-10-24000-2-clustered-2.csv,3139182.475973
clustered-coresets/Lightweight-symmetric-10-24000-2-clustered-3.csv,3141808.128321
clustered-coresets/Lightweight-symmetric-10-24000-2-clustered-4.csv,3140088.080661
clustered-coresets/Lightweight-symmetric-10-24000-3-clustered-0.csv,3141500.705994
clustered-coresets/Lightweight-symmetric-10-24000-3-clustered-1.csv,3137184.650765
clustered-coresets/Lightweight-symmetric-10-24000-3-clustered-2.csv,3138458.195707
clustered-coresets/Lightweight-symmetric-10-24000-3-clustered-3.csv,3137366.944141
clustered-coresets/Lightweight-symmetric-10-24000-3-clustered-4.csv,3144367.038479
clustered-coresets/Lightweight-symmetric-10-24000-4-clustered-0.csv,943625.058315
clustered-coresets/Lightweight-symmetric-10-24000-4-clustered-1.csv,943539.340438
clustered-coresets/Lightweight-symmetric-10-24000-4-clustered-2.csv,943570.234962
clustered-coresets/Lightweight-symmetric-10-24000-4-clustered-3.csv,945571.856388
clustered-coresets/Lightweight-symmetric-10-24000-4-clustered-4.csv,943456.971382
clustered-coresets/Lightweight-symmetric-10-24000-5-clustered-0.csv,3137267.462763
clustered-coresets/Lightweight-symmetric-10-24000-5-clustered-1.csv,3143813.095933
clustered-coresets/Lightweight-symmetric-10-24000-5-clustered-2.csv,3143378.974198
clustered-coresets/Lightweight-symmetric-10-24000-5-clustered-3.csv,3141255.731470
clustered-coresets/Lightweight-symmetric-10-24000-5-clustered-4.csv,3138627.945183
clustered-coresets/Lightweight-symmetric-10-600-1-clustered-0.csv,3153762.037738
clustered-coresets/Lightweight-symmetric-10-600-1-clustered-1.csv,3151268.303397
clustered-coresets/Lightweight-symmetric-10-600-1-clustered-2.csv,3146856.199956
clustered-coresets/Lightweight-symmetric-10-600-1-clustered-3.csv,3160626.426967
clustered-coresets/Lightweight-symmetric-10-600-1-clustered-4.csv,3153808.305896
clustered-coresets/Lightweight-symmetric-10-600-2-clustered-0.csv,3149822.505474
clustered-coresets/Lightweight-symmetric-10-600-2-clustered-1.csv,3149647.040106
clustered-coresets/Lightweight-symmetric-10-600-2-clustered-2.csv,3152220.750234
clustered-coresets/Lightweight-symmetric-10-600-2-clustered-3.csv,3154713.187878
clustered-coresets/Lightweight-symmetric-10-600-2-clustered-4.csv,3151657.636617
clustered-coresets/Lightweight-symmetric-10-600-3-clustered-0.csv,3154113.244326
clustered-coresets/Lightweight-symmetric-10-600-3-clustered-1.csv,3157929.981401
clustered-coresets/Lightweight-symmetric-10-600-3-clustered-2.csv,3157419.769821
clustered-coresets/Lightweight-symmetric-10-600-3-clustered-3.csv,3160171.253728
clustered-coresets/Lightweight-symmetric-10-600-3-clustered-4.csv,3157564.972816
clustered-coresets/Lightweight-symmetric-10-600-4-clustered-0.csv,3156565.874189
clustered-coresets/Lightweight-symmetric-10-600-4-clustered-1.csv,3152754.972932
clustered-coresets/Lightweight-symmetric-10-600-4-clustered-2.csv,3155832.867049
clustered-coresets/Lightweight-symmetric-10-600-4-clustered-3.csv,3154675.077630
clustered-coresets/Lightweight-symmetric-10-600-4-clustered-4.csv,3152806.961721
clustered-coresets/Lightweight-symmetric-10-600-5-clustered-0.csv,3148863.071129
clustered-coresets/Lightweight-symmetric-10-600-5-clustered-1.csv,3152892.866128
clustered-coresets/Lightweight-symmetric-10-600-5-clustered-2.csv,3150238.986516
clustered-coresets/Lightweight-symmetric-10-600-5-clustered-3.csv,3153563.407402
clustered-coresets/Lightweight-symmetric-10-600-5-clustered-4.csv,3152033.710113
clustered-coresets/Lightweight-symmetric-10-6000-1-clustered-0.csv,3141829.075608
clustered-coresets/Lightweight-symmetric-10-6000-1-clustered-1.csv,3142396.613576
clustered-coresets/Lightweight-symmetric-10-6000-1-clustered-2.csv,3145156.450185
clustered-coresets/Lightweight-symmetric-10-6000-1-clustered-3.csv,3139743.209577
clustered-coresets/Lightweight-symmetric-10-6000-1-clustered-4.csv,3140800.571695
clustered-coresets/Lightweight-symmetric-10-6000-2-clustered-0.csv,3140792.825117
clustered-coresets/Lightweight-symmetric-10-6000-2-clustered-1.csv,3143680.560835
clustered-coresets/Lightweight-symmetric-10-6000-2-clustered-2.csv,3142729.544473
clustered-coresets/Lightweight-symmetric-10-6000-2-clustered-3.csv,3142755.926378
clustered-coresets/Lightweight-symmetric-10-6000-2-clustered-4.csv,3143454.403313
clustered-coresets/Lightweight-symmetric-10-6000-3-clustered-0.csv,3139276.860426
clustered-coresets/Lightweight-symmetric-10-6000-3-clustered-1.csv,3140344.140247
clustered-coresets/Lightweight-symmetric-10-6000-3-clustered-2.csv,3140822.772359
clustered-coresets/Lightweight-symmetric-10-6000-3-clustered-3.csv,3143257.988253
clustered-coresets/Lightweight-symmetric-10-6000-3-clustered-4.csv,3141196.534702
clustered-coresets/Lightweight-symmetric-10-6000-4-clustered-0.csv,3140080.711272
clustered-coresets/Lightweight-symmetric-10-6000-4-clustered-1.csv,3141761.201382
clustered-coresets/Lightweight-symmetric-10-6000-4-clustered-2.csv,3138874.880346
clustered-coresets/Lightweight-symmetric-10-6000-4-clustered-3.csv,3141567.312798
clustered-coresets/Lightweight-symmetric-10-6000-4-clustered-4.csv,3141664.181050
clustered-coresets/Lightweight-symmetric-10-6000-5-clustered-0.csv,3140817.954973
clustered-coresets/Lightweight-symmetric-10-6000-5-clustered-1.csv,3139700.906628
clustered-coresets/Lightweight-symmetric-10-6000-5-clustered-2.csv,3141217.304155
clustered-coresets/Lightweight-symmetric-10-6000-5-clustered-3.csv,3146004.921118
clustered-coresets/Lightweight-symmetric-10-6000-5-clustered-4.csv,3139352.405341
clustered-coresets/Lightweight-symmetric-100-1200-1-clustered-0.csv,2620263.638668
clustered-coresets/Lightweight-symmetric-100-1200-1-clustered-1.csv,2615873.111813
clustered-coresets/Lightweight-symmetric-100-1200-1-clustered-2.csv,2623264.614013
clustered-coresets/Lightweight-symmetric-100-1200-1-clustered-3.csv,2621671.309339
clustered-coresets/Lightweight-symmetric-100-1200-1-clustered-4.csv,2613517.063125
clustered-coresets/Lightweight-symmetric-100-1200-2-clustered-0.csv,2615591.151427
clustered-coresets/Lightweight-symmetric-100-1200-2-clustered-1.csv,2617500.595440
clustered-coresets/Lightweight-symmetric-100-1200-2-clustered-2.csv,2615192.572621
clustered-coresets/Lightweight-symmetric-100-1200-2-clustered-3.csv,2615011.473698
clustered-coresets/Lightweight-symmetric-100-1200-2-clustered-4.csv,2618111.600262
clustered-coresets/Lightweight-symmetric-100-1200-3-clustered-0.csv,2617156.465085
clustered-coresets/Lightweight-symmetric-100-1200-3-clustered-1.csv,2609412.504691
clustered-coresets/Lightweight-symmetric-100-1200-3-clustered-2.csv,2614738.022160
clustered-coresets/Lightweight-symmetric-100-1200-3-clustered-3.csv,2611028.021251
clustered-coresets/Lightweight-symmetric-100-1200-3-clustered-4.csv,2616094.906144
clustered-coresets/Lightweight-symmetric-100-1200-4-clustered-0.csv,2618930.389505
clustered-coresets/Lightweight-symmetric-100-1200-4-clustered-1.csv,2614358.225746
clustered-coresets/Lightweight-symmetric-100-1200-4-clustered-2.csv,2613808.580257
clustered-coresets/Lightweight-symmetric-100-1200-4-clustered-3.csv,2612659.130101
clustered-coresets/Lightweight-symmetric-100-1200-4-clustered-4.csv,2618215.462293
clustered-coresets/Lightweight-symmetric-100-1200-5-clustered-0.csv,2610724.782497
clustered-coresets/Lightweight-symmetric-100-1200-5-clustered-1.csv,2609480.036810
clustered-coresets/Lightweight-symmetric-100-1200-5-clustered-2.csv,2612257.014069
clustered-coresets/Lightweight-symmetric-100-1200-5-clustered-3.csv,2615992.750982
clustered-coresets/Lightweight-symmetric-100-1200-5-clustered-4.csv,2618499.992072
clustered-coresets/Lightweight-symmetric-100-12000-1-clustered-0.csv,2592804.006737
clustered-coresets/Lightweight-symmetric-100-12000-1-clustered-1.csv,2595235.244091
clustered-coresets/Lightweight-symmetric-100-12000-1-clustered-2.csv,2592780.648559
clustered-coresets/Lightweight-symmetric-100-12000-1-clustered-3.csv,2593987.721960
clustered-coresets/Lightweight-symmetric-100-12000-1-clustered-4.csv,2592150.203551
clustered-coresets/Lightweight-symmetric-100-12000-2-clustered-0.csv,2593626.598594
clustered-coresets/Lightweight-symmetric-100-12000-2-clustered-1.csv,2598247.023027
clustered-coresets/Lightweight-symmetric-100-12000-2-clustered-2.csv,2596119.383472
clustered-coresets/Lightweight-symmetric-100-12000-2-clustered-3.csv,2593487.618370
clustered-coresets/Lightweight-symmetric-100-12000-2-clustered-4.csv,2592701.203127
clustered-coresets/Lightweight-symmetric-100-12000-3-clustered-0.csv,2593972.249307
clustered-coresets/Lightweight-symmetric-100-12000-3-clustered-1.csv,2589740.805677
clustered-coresets/Lightweight-symmetric-100-12000-3-clustered-2.csv,2592788.359632
clustered-coresets/Lightweight-symmetric-100-12000-3-clustered-3.csv,2591464.033650
clustered-coresets/Lightweight-symmetric-100-12000-3-clustered-4.csv,2596947.454578
clustered-coresets/Lightweight-symmetric-100-12000-4-clustered-0.csv,2592877.781703
clustered-coresets/Lightweight-symmetric-100-12000-4-clustered-1.csv,2589832.914893
clustered-coresets/Lightweight-symmetric-100-12000-4-clustered-2.csv,2591395.813815
clustered-coresets/Lightweight-symmetric-100-12000-4-clustered-3.csv,2596324.124491
clustered-coresets/Lightweight-symmetric-100-12000-4-clustered-4.csv,2593453.890689
clustered-coresets/Lightweight-symmetric-100-12000-5-clustered-0.csv,2593928.043780
clustered-coresets/Lightweight-symmetric-100-12000-5-clustered-1.csv,2592512.322353
clustered-coresets/Lightweight-symmetric-100-12000-5-clustered-2.csv,2597017.624919
clustered-coresets/Lightweight-symmetric-100-12000-5-clustered-3.csv,2591579.028673
clustered-coresets/Lightweight-symmetric-100-12000-5-clustered-4.csv,2595556.750571
clustered-coresets/Lightweight-symmetric-100-240-1-clustered-0.csv,2672464.273586
clustered-coresets/Lightweight-symmetric-100-240-1-clustered-1.csv,2664635.341812
clustered-coresets/Lightweight-symmetric-100-240-1-clustered-2.csv,2671140.139137
clustered-coresets/Lightweight-symmetric-100-240-1-clustered-3.csv,2676204.553457
clustered-coresets/Lightweight-symmetric-100-240-1-clustered-4.csv,2667735.572380
clustered-coresets/Lightweight-symmetric-100-240-2-clustered-0.csv,2661595.487241
clustered-coresets/Lightweight-symmetric-100-240-2-clustered-1.csv,2663856.241591
clustered-coresets/Lightweight-symmetric-100-240-2-clustered-2.csv,2663923.133833
clustered-coresets/Lightweight-symmetric-100-240-2-clustered-3.csv,2657171.956533
clustered-coresets/Lightweight-symmetric-100-240-2-clustered-4.csv,2669650.686376
clustered-coresets/Lightweight-symmetric-100-240-3-clustered-0.csv,2678351.445300
clustered-coresets/Lightweight-symmetric-100-240-3-clustered-1.csv,2668911.941206
clustered-coresets/Lightweight-symmetric-100-240-3-clustered-2.csv,2672310.706288
clustered-coresets/Lightweight-symmetric-100-240-3-clustered-3.csv,2678645.601304
clustered-coresets/Lightweight-symmetric-100-240-3-clustered-4.csv,2674059.193565
clustered-coresets/Lightweight-symmetric-100-240-4-clustered-0.csv,2663586.381940
clustered-coresets/Lightweight-symmetric-100-240-4-clustered-1.csv,2665941.431243
clustered-coresets/Lightweight-symmetric-100-240-4-clustered-2.csv,2668604.890677
clustered-coresets/Lightweight-symmetric-100-240-4-clustered-3.csv,2663537.683168
clustered-coresets/Lightweight-symmetric-100-240-4-clustered-4.csv,2671463.143109
clustered-coresets/Lightweight-symmetric-100-240-5-clustered-0.csv,2671324.461834
clustered-coresets/Lightweight-symmetric-100-240-5-clustered-1.csv,2665040.975067
clustered-coresets/Lightweight-symmetric-100-240-5-clustered-2.csv,2673992.505733
clustered-coresets/Lightweight-symmetric-100-240-5-clustered-3.csv,2675773.963367
clustered-coresets/Lightweight-symmetric-100-240-5-clustered-4.csv,2674066.920626
clustered-coresets/Lightweight-symmetric-100-2400-1-clustered-0.csv,2611013.950960
clustered-coresets/Lightweight-symmetric-100-2400-1-clustered-1.csv,2603441.027601
clustered-coresets/Lightweight-symmetric-100-2400-1-clustered-2.csv,2601893.362059
clustered-coresets/Lightweight-symmetric-100-2400-1-clustered-3.csv,2602666.612954
clustered-coresets/Lightweight-symmetric-100-2400-1-clustered-4.csv,2604474.669236
clustered-coresets/Lightweight-symmetric-100-2400-2-clustered-0.csv,2600443.187946
clustered-coresets/Lightweight-symmetric-100-2400-2-clustered-1.csv,2598087.644993
clustered-coresets/Lightweight-symmetric-100-2400-2-clustered-2.csv,2597678.629542
clustered-coresets/Lightweight-symmetric-100-2400-2-clustered-3.csv,2605776.356650
clustered-coresets/Lightweight-symmetric-100-2400-2-clustered-4.csv,2605295.878427
clustered-coresets/Lightweight-symmetric-100-2400-3-clustered-0.csv,2602740.385165
clustered-coresets/Lightweight-symmetric-100-2400-3-clustered-1.csv,2609359.584275
clustered-coresets/Lightweight-symmetric-100-2400-3-clustered-2.csv,2605943.694738
clustered-coresets/Lightweight-symmetric-100-2400-3-clustered-3.csv,2598734.449083
clustered-coresets/Lightweight-symmetric-100-2400-3-clustered-4.csv,2602894.742184
clustered-coresets/Lightweight-symmetric-100-2400-4-clustered-0.csv,2605227.300813
clustered-coresets/Lightweight-symmetric-100-2400-4-clustered-1.csv,2600904.174381
clustered-coresets/Lightweight-symmetric-100-2400-4-clustered-2.csv,2598348.482605
clustered-coresets/Lightweight-symmetric-100-2400-4-clustered-3.csv,2601597.830511
clustered-coresets/Lightweight-symmetric-100-2400-4-clustered-4.csv,2602795.105028
clustered-coresets/Lightweight-symmetric-100-2400-5-clustered-0.csv,2601758.235181
clustered-coresets/Lightweight-symmetric-100-2400-5-clustered-1.csv,2604396.473953
clustered-coresets/Lightweight-symmetric-100-2400-5-clustered-2.csv,2606555.195790
clustered-coresets/Lightweight-symmetric-100-2400-5-clustered-3.csv,2598291.271450
clustered-coresets/Lightweight-symmetric-100-2400-5-clustered-4.csv,2600984.110067
clustered-coresets/Lightweight-symmetric-100-24000-1-clustered-0.csv,2592445.505815
clustered-coresets/Lightweight-symmetric-100-24000-1-clustered-1.csv,2596197.406896
clustered-coresets/Lightweight-symmetric-100-24000-1-clustered-2.csv,2593491.834338
clustered-coresets/Lightweight-symmetric-100-24000-1-clustered-3.csv,2593234.172274
clustered-coresets/Lightweight-symmetric-100-24000-1-clustered-4.csv,2593610.014448
clustered-coresets/Lightweight-symmetric-100-24000-2-clustered-0.csv,2590832.557505
clustered-coresets/Lightweight-symmetric-100-24000-2-clustered-1.csv,2593962.222899
clustered-coresets/Lightweight-symmetric-100-24000-2-clustered-2.csv,2591719.339395
clustered-coresets/Lightweight-symmetric-100-24000-2-clustered-3.csv,2588583.387978
clustered-coresets/Lightweight-symmetric-100-24000-2-clustered-4.csv,2588942.587684
clustered-coresets/Lightweight-symmetric-100-24000-3-clustered-0.csv,2590443.111853
clustered-coresets/Lightweight-symmetric-100-24000-3-clustered-1.csv,2596335.874246
clustered-coresets/Lightweight-symmetric-100-24000-3-clustered-2.csv,2593283.115916
clustered-coresets/Lightweight-symmetric-100-24000-3-clustered-3.csv,2593470.186565
clustered-coresets/Lightweight-symmetric-100-24000-3-clustered-4.csv,2595128.498125
clustered-coresets/Lightweight-symmetric-100-24000-4-clustered-0.csv,2591614.709294
clustered-coresets/Lightweight-symmetric-100-24000-4-clustered-1.csv,2597346.389881
clustered-coresets/Lightweight-symmetric-100-24000-4-clustered-2.csv,2599741.251448
clustered-coresets/Lightweight-symmetric-100-24000-4-clustered-3.csv,2593745.492867
clustered-coresets/Lightweight-symmetric-100-24000-4-clustered-4.csv,2593350.070538
clustered-coresets/Lightweight-symmetric-100-24000-5-clustered-0.csv,2592639.975530
clustered-coresets/Lightweight-symmetric-100-24000-5-clustered-1.csv,2592262.869328
clustered-coresets/Lightweight-symmetric-100-24000-5-clustered-2.csv,2593068.100544
clustered-coresets/Lightweight-symmetric-100-24000-5-clustered-3.csv,2589508.093752
clustered-coresets/Lightweight-symmetric-100-24000-5-clustered-4.csv,2593581.163829
clustered-coresets/Lightweight-symmetric-100-600-1-clustered-0.csv,2641244.944079
clustered-coresets/Lightweight-symmetric-100-600-1-clustered-1.csv,2635945.028966
clustered-coresets/Lightweight-symmetric-100-600-1-clustered-2.csv,2636416.544630
clustered-coresets/Lightweight-symmetric-100-600-1-clustered-3.csv,2632624.461190
clustered-coresets/Lightweight-symmetric-100-600-1-clustered-4.csv,2630497.912531
clustered-coresets/Lightweight-symmetric-100-600-2-clustered-0.csv,2638420.081353
clustered-coresets/Lightweight-symmetric-100-600-2-clustered-1.csv,2638055.964620
clustered-coresets/Lightweight-symmetric-100-600-2-clustered-2.csv,2639524.737637
clustered-coresets/Lightweight-symmetric-100-600-2-clustered-3.csv,2637435.635321
clustered-coresets/Lightweight-symmetric-100-600-2-clustered-4.csv,2633293.874155
clustered-coresets/Lightweight-symmetric-100-600-3-clustered-0.csv,2640854.228100
clustered-coresets/Lightweight-symmetric-100-600-3-clustered-1.csv,2636950.308241
clustered-coresets/Lightweight-symmetric-100-600-3-clustered-2.csv,2640891.974032
clustered-coresets/Lightweight-symmetric-100-600-3-clustered-3.csv,2636584.258841
clustered-coresets/Lightweight-symmetric-100-600-3-clustered-4.csv,2631888.922815
clustered-coresets/Lightweight-symmetric-100-600-4-clustered-0.csv,2642398.119868
clustered-coresets/Lightweight-symmetric-100-600-4-clustered-1.csv,2639917.091204
clustered-coresets/Lightweight-symmetric-100-600-4-clustered-2.csv,2634973.093921
clustered-coresets/Lightweight-symmetric-100-600-4-clustered-3.csv,2647378.698276
clustered-coresets/Lightweight-symmetric-100-600-4-clustered-4.csv,2638625.932673
clustered-coresets/Lightweight-symmetric-100-600-5-clustered-0.csv,2644341.801504
clustered-coresets/Lightweight-symmetric-100-600-5-clustered-1.csv,2636128.779485
clustered-coresets/Lightweight-symmetric-100-600-5-clustered-2.csv,2631196.098766
clustered-coresets/Lightweight-symmetric-100-600-5-clustered-3.csv,2642253.947905
clustered-coresets/Lightweight-symmetric-100-600-5-clustered-4.csv,2641556.059926
clustered-coresets/Lightweight-symmetric-100-6000-1-clustered-0.csv,2596075.927083
clustered-coresets/Lightweight-symmetric-100-6000-1-clustered-1.csv,2597731.041885
clustered-coresets/Lightweight-symmetric-100-6000-1-clustered-2.csv,2596244.751329
clustered-coresets/Lightweight-symmetric-100-6000-1-clustered-3.csv,2598787.168427
clustered-coresets/Lightweight-symmetric-100-6000-1-clustered-4.csv,2594336.127819
clustered-coresets/Lightweight-symmetric-100-6000-2-clustered-0.csv,2595546.597188
clustered-coresets/Lightweight-symmetric-100-6000-2-clustered-1.csv,2595981.059300
clustered-coresets/Lightweight-symmetric-100-6000-2-clustered-2.csv,2594618.519101
clustered-coresets/Lightweight-symmetric-100-6000-2-clustered-3.csv,2594423.502429
clustered-coresets/Lightweight-symmetric-100-6000-2-clustered-4.csv,2597835.114324
clustered-coresets/Lightweight-symmetric-100-6000-3-clustered-0.csv,2597130.678069
clustered-coresets/Lightweight-symmetric-100-6000-3-clustered-1.csv,2595849.494719
clustered-coresets/Lightweight-symmetric-100-6000-3-clustered-2.csv,2600634.065266
clustered-coresets/Lightweight-symmetric-100-6000-3-clustered-3.csv,2596904.795758
clustered-coresets/Lightweight-symmetric-100-6000-3-clustered-4.csv,2597865.096605
clustered-coresets/Lightweight-symmetric-100-6000-4-clustered-0.csv,2595787.622545
clustered-coresets/Lightweight-symmetric-100-6000-4-clustered-1.csv,2593939.991478
clustered-coresets/Lightweight-symmetric-100-6000-4-clustered-2.csv,2595280.473312
clustered-coresets/Lightweight-symmetric-100-6000-4-clustered-3.csv,2596610.099035
clustered-coresets/Lightweight-symmetric-100-6000-4-clustered-4.csv,2593524.247376
clustered-coresets/Lightweight-symmetric-100-6000-5-clustered-0.csv,2597427.332603
clustered-coresets/Lightweight-symmetric-100-6000-5-clustered-1.csv,2594773.230844
clustered-coresets/Lightweight-symmetric-100-6000-5-clustered-2.csv,2592178.423714
clustered-coresets/Lightweight-symmetric-100-6000-5-clustered-3.csv,2593262.362441
clustered-coresets/Lightweight-symmetric-100-6000-5-clustered-4.csv,2595796.488219
clustered-coresets/Lightweight-symmetric-1000-1200-1-clustered-0.csv,2359359.645033
clustered-coresets/Lightweight-symmetric-1000-1200-1-clustered-1.csv,2359119.728783
clustered-coresets/Lightweight-symmetric-1000-1200-1-clustered-2.csv,2359071.897290
clustered-coresets/Lightweight-symmetric-1000-1200-1-clustered-3.csv,2359091.696251
clustered-coresets/Lightweight-symmetric-1000-1200-1-clustered-4.csv,2359246.865949
clustered-coresets/Lightweight-symmetric-1000-1200-2-clustered-0.csv,2360488.421821
clustered-coresets/Lightweight-symmetric-1000-1200-2-clustered-1.csv,2360293.912969
clustered-coresets/Lightweight-symmetric-1000-1200-2-clustered-2.csv,2360312.819799
clustered-coresets/Lightweight-symmetric-1000-1200-2-clustered-3.csv,2360635.131711
clustered-coresets/Lightweight-symmetric-1000-1200-2-clustered-4.csv,2360303.886664
clustered-coresets/Lightweight-symmetric-1000-1200-3-clustered-0.csv,2358660.046776
clustered-coresets/Lightweight-symmetric-1000-1200-3-clustered-1.csv,2358819.728413
clustered-coresets/Lightweight-symmetric-1000-1200-3-clustered-2.csv,2358801.524405
clustered-coresets/Lightweight-symmetric-1000-1200-3-clustered-3.csv,2358859.761670
clustered-coresets/Lightweight-symmetric-1000-1200-3-clustered-4.csv,2358867.770058
clustered-coresets/Lightweight-symmetric-1000-1200-4-clustered-0.csv,2359361.579756
clustered-coresets/Lightweight-symmetric-1000-1200-4-clustered-1.csv,2359693.774070
clustered-coresets/Lightweight-symmetric-1000-1200-4-clustered-2.csv,2359310.590484
clustered-coresets/Lightweight-symmetric-1000-1200-4-clustered-3.csv,2359268.330843
clustered-coresets/Lightweight-symmetric-1000-1200-4-clustered-4.csv,2359211.177553
clustered-coresets/Lightweight-symmetric-1000-1200-5-clustered-0.csv,2360881.438432
clustered-coresets/Lightweight-symmetric-1000-1200-5-clustered-1.csv,2360566.494480
clustered-coresets/Lightweight-symmetric-1000-1200-5-clustered-2.csv,2360639.904138
clustered-coresets/Lightweight-symmetric-1000-1200-5-clustered-3.csv,2360637.465826
clustered-coresets/Lightweight-symmetric-1000-1200-5-clustered-4.csv,2360670.754103
clustered-coresets/Lightweight-symmetric-1000-12000-1-clustered-0.csv,2340419.964528
clustered-coresets/Lightweight-symmetric-1000-12000-1-clustered-1.csv,2335872.325805
clustered-coresets/Lightweight-symmetric-1000-12000-1-clustered-2.csv,2338404.110111
clustered-coresets/Lightweight-symmetric-1000-12000-1-clustered-3.csv,2340432.717388
clustered-coresets/Lightweight-symmetric-1000-12000-1-clustered-4.csv,2334949.889604
clustered-coresets/Lightweight-symmetric-1000-12000-2-clustered-0.csv,2337954.985190
clustered-coresets/Lightweight-symmetric-1000-12000-2-clustered-1.csv,2337226.194554
clustered-coresets/Lightweight-symmetric-1000-12000-2-clustered-2.csv,2333433.415160
clustered-coresets/Lightweight-symmetric-1000-12000-2-clustered-3.csv,2333355.037393
clustered-coresets/Lightweight-symmetric-1000-12000-2-clustered-4.csv,2340173.827555
clustered-coresets/Lightweight-symmetric-1000-12000-3-clustered-0.csv,2337883.262513
clustered-coresets/Lightweight-symmetric-1000-12000-3-clustered-1.csv,2338050.635496
clustered-coresets/Lightweight-symmetric-1000-12000-3-clustered-2.csv,2338156.371565
clustered-coresets/Lightweight-symmetric-1000-12000-3-clustered-3.csv,2338084.105608
clustered-coresets/Lightweight-symmetric-1000-12000-3-clustered-4.csv,2337858.291513
clustered-coresets/Lightweight-symmetric-1000-12000-4-clustered-0.csv,2334588.077179
clustered-coresets/Lightweight-symmetric-1000-12000-4-clustered-1.csv,2334061.272986
clustered-coresets/Lightweight-symmetric-1000-12000-4-clustered-2.csv,2336910.076822
clustered-coresets/Lightweight-symmetric-1000-12000-4-clustered-3.csv,2334593.526762
clustered-coresets/Lightweight-symmetric-1000-12000-4-clustered-4.csv,2334048.321612
clustered-coresets/Lightweight-symmetric-1000-12000-5-clustered-0.csv,2336881.121561
clustered-coresets/Lightweight-symmetric-1000-12000-5-clustered-1.csv,2335716.189458
clustered-coresets/Lightweight-symmetric-1000-12000-5-clustered-2.csv,2340622.208486
clustered-coresets/Lightweight-symmetric-1000-12000-5-clustered-3.csv,2334768.504390
clustered-coresets/Lightweight-symmetric-1000-12000-5-clustered-4.csv,2337997.015023
clustered-coresets/Lightweight-symmetric-1000-2400-1-clustered-0.csv,2352638.349409
clustered-coresets/Lightweight-symmetric-1000-2400-1-clustered-1.csv,2352906.678995
clustered-coresets/Lightweight-symmetric-1000-2400-1-clustered-2.csv,2352336.317514
clustered-coresets/Lightweight-symmetric-1000-2400-1-clustered-3.csv,2352505.956906
clustered-coresets/Lightweight-symmetric-1000-2400-1-clustered-4.csv,2352947.994809
clustered-coresets/Lightweight-symmetric-1000-2400-2-clustered-0.csv,2350262.027860
clustered-coresets/Lightweight-symmetric-1000-2400-2-clustered-1.csv,2350637.425140
clustered-coresets/Lightweight-symmetric-1000-2400-2-clustered-2.csv,2350641.355160
clustered-coresets/Lightweight-symmetric-1000-2400-2-clustered-3.csv,2350494.371193
clustered-coresets/Lightweight-symmetric-1000-2400-2-clustered-4.csv,2350318.144212
clustered-coresets/Lightweight-symmetric-1000-2400-3-clustered-0.csv,2349764.769629
clustered-coresets/Lightweight-symmetric-1000-2400-3-clustered-1.csv,2350230.152455
clustered-coresets/Lightweight-symmetric-1000-2400-3-clustered-2.csv,2350199.337441
clustered-coresets/Lightweight-symmetric-1000-2400-3-clustered-3.csv,2349871.676569
clustered-coresets/Lightweight-symmetric-1000-2400-3-clustered-4.csv,2350143.255503
clustered-coresets/Lightweight-symmetric-1000-2400-4-clustered-0.csv,2350812.147389
clustered-coresets/Lightweight-symmetric-1000-2400-4-clustered-1.csv,2351015.445218
clustered-coresets/Lightweight-symmetric-1000-2400-4-clustered-2.csv,2350737.324383
clustered-coresets/Lightweight-symmetric-1000-2400-4-clustered-3.csv,2351260.898352
clustered-coresets/Lightweight-symmetric-1000-2400-4-clustered-4.csv,2350778.071603
clustered-coresets/Lightweight-symmetric-1000-2400-5-clustered-0.csv,2351657.833750
clustered-coresets/Lightweight-symmetric-1000-2400-5-clustered-1.csv,2351279.261951
clustered-coresets/Lightweight-symmetric-1000-2400-5-clustered-2.csv,2351100.372230
clustered-coresets/Lightweight-symmetric-1000-2400-5-clustered-3.csv,2352189.876740
clustered-coresets/Lightweight-symmetric-1000-2400-5-clustered-4.csv,2351281.187381
clustered-coresets/Lightweight-symmetric-1000-24000-1-clustered-0.csv,2334751.760094
clustered-coresets/Lightweight-symmetric-1000-24000-1-clustered-1.csv,2332827.898086
clustered-coresets/Lightweight-symmetric-1000-24000-1-clustered-2.csv,2333829.622749
clustered-coresets/Lightweight-symmetric-1000-24000-1-clustered-3.csv,2334667.006057
clustered-coresets/Lightweight-symmetric-1000-24000-1-clustered-4.csv,2334899.589379
clustered-coresets/Lightweight-symmetric-1000-24000-2-clustered-0.csv,2336792.336949
clustered-coresets/Lightweight-symmetric-1000-24000-2-clustered-1.csv,2337389.939629
clustered-coresets/Lightweight-symmetric-1000-24000-2-clustered-2.csv,2337264.763522
clustered-coresets/Lightweight-symmetric-1000-24000-2-clustered-3.csv,2335270.895802
clustered-coresets/Lightweight-symmetric-1000-24000-2-clustered-4.csv,2337598.315229
clustered-coresets/Lightweight-symmetric-1000-24000-3-clustered-0.csv,2336220.338252
clustered-coresets/Lightweight-symmetric-1000-24000-3-clustered-1.csv,2333831.184314
clustered-coresets/Lightweight-symmetric-1000-24000-3-clustered-2.csv,2335813.818232
clustered-coresets/Lightweight-symmetric-1000-24000-3-clustered-3.csv,2333007.517424
clustered-coresets/Lightweight-symmetric-1000-24000-3-clustered-4.csv,2332744.862410
clustered-coresets/Lightweight-symmetric-1000-24000-4-clustered-0.csv,2336574.909218
clustered-coresets/Lightweight-symmetric-1000-24000-4-clustered-1.csv,2337026.484322
clustered-coresets/Lightweight-symmetric-1000-24000-4-clustered-2.csv,2336686.114263
clustered-coresets/Lightweight-symmetric-1000-24000-4-clustered-3.csv,2337731.541636
clustered-coresets/Lightweight-symmetric-1000-24000-4-clustered-4.csv,2337087.962022
clustered-coresets/Lightweight-symmetric-1000-24000-5-clustered-0.csv,2336380.523445
clustered-coresets/Lightweight-symmetric-1000-24000-5-clustered-1.csv,2333112.373215
clustered-coresets/Lightweight-symmetric-1000-24000-5-clustered-2.csv,2332963.962552
clustered-coresets/Lightweight-symmetric-1000-24000-5-clustered-3.csv,2331285.999972
clustered-coresets/Lightweight-symmetric-1000-24000-5-clustered-4.csv,2332719.124674
clustered-coresets/Lightweight-symmetric-1000-6000-1-clustered-0.csv,2338223.345542
clustered-coresets/Lightweight-symmetric-1000-6000-1-clustered-1.csv,2339896.768739
clustered-coresets/Lightweight-symmetric-1000-6000-1-clustered-2.csv,2339896.746618
clustered-coresets/Lightweight-symmetric-1000-6000-1-clustered-3.csv,2338607.013056
clustered-coresets/Lightweight-symmetric-1000-6000-1-clustered-4.csv,2340005.303811
clustered-coresets/Lightweight-symmetric-1000-6000-2-clustered-0.csv,2339327.809738
clustered-coresets/Lightweight-symmetric-1000-6000-2-clustered-1.csv,2338964.236758
clustered-coresets/Lightweight-symmetric-1000-6000-2-clustered-2.csv,2339693.413961
clustered-coresets/Lightweight-symmetric-1000-6000-2-clustered-3.csv,2338730.979946
clustered-coresets/Lightweight-symmetric-1000-6000-2-clustered-4.csv,2339055.306754
clustered-coresets/Lightweight-symmetric-1000-6000-3-clustered-0.csv,2343675.442656
clustered-coresets/Lightweight-symmetric-1000-6000-3-clustered-1.csv,2343449.353634
clustered-coresets/Lightweight-symmetric-1000-6000-3-clustered-2.csv,2342884.737098
clustered-coresets/Lightweight-symmetric-1000-6000-3-clustered-3.csv,2343189.371799
clustered-coresets/Lightweight-symmetric-1000-6000-3-clustered-4.csv,2343009.401740
clustered-coresets/Lightweight-symmetric-1000-6000-4-clustered-0.csv,2344184.889106
clustered-coresets/Lightweight-symmetric-1000-6000-4-clustered-1.csv,2344379.116058
clustered-coresets/Lightweight-symmetric-1000-6000-4-clustered-2.csv,2344232.767575
clustered-coresets/Lightweight-symmetric-1000-6000-4-clustered-3.csv,2343970.026199
clustered-coresets/Lightweight-symmetric-1000-6000-4-clustered-4.csv,2344040.786141
clustered-coresets/Lightweight-symmetric-1000-6000-5-clustered-0.csv,147733.608680
clustered-coresets/Lightweight-symmetric-1000-6000-5-clustered-1.csv,147309.033032
clustered-coresets/Lightweight-symmetric-1000-6000-5-clustered-2.csv,147499.771546
clustered-coresets/Lightweight-symmetric-1000-6000-5-clustered-3.csv,147898.624251
clustered-coresets/Lightweight-symmetric-1000-6000-5-clustered-4.csv,148323.063443
